Voie_ID,Nom_x,Distance (km),% Couverture correspondant (200m),Énergie produite annuelle (kWh / m2 de panneau),Région,Département,latlon,temp_mean_c,sunshine_duration_mean_hour,ghi_mean_W_m2,Groupes nature voie,Production pour 860m2 de panneau (kWh),Revenus annuels revente Enedis €,nbre annuel de charges velos,Eclairage urbain en Nbre lapamdaires alimentés/an,Equivalent conso annuelle en nbr de personnes,nbre annuel charges un BlueBus,nbre annuel km/BlueBus _12m
0,Voie Verte du Chemin d’Encochebérot,1.6,12.5,87.74,Occitanie,Gers,"(43.62109781579031, 1.09673702748082)",14.0,8.0,159.0,Voie verte,75456,9809,150912,377,34,277,62418
1,Voie Verte du canal de Saint-Martory,2.1,9.52,86.51,Occitanie,Haute-Garonne,"(43.5323431084653, 1.32295597087284)",14.0,8.0,159.0,Voie verte,74399,9672,148798,372,33,274,61543
2,Voie Verte de la Masse Pont-du-Casse-Agen,2.3,8.7,85.03,Nouvelle-Aquitaine,Lot-et-Garonne,"(44.216304129821, 0.6480315531906747)",14.0,8.0,155.0,Voie verte,73126,9506,146252,366,33,269,60490
3,Voie Verte des trois ponts Castelnau d’Estrétefonds,3.2,6.25,87.45,Occitanie,Haute-Garonne,"(43.76616910015008, 1.35618301280646)",14.0,8.0,159.0,Voie verte,75207,9777,150414,376,34,276,62212
4,Voie Verte des Berges de l'Ill à Mulhouse,3.3,6.06,77.1,Grand Est,Haut-Rhin,"(47.773977, 7.34639)",12.0,8.0,142.0,Bord de rivière ou canal,66306,8620,132612,332,30,244,54849
5,Voie Verte Saint-Dizier à Chancenay,3.6,5.56,69.41,Grand Est,Haute-Marne,"(48.63964486420447, 4.954392093262309)",12.0,7.0,134.0,Bord de voie ferrée,59693,7760,119386,298,27,219,49378
6,Voie Verte de l'estuaire à Talais,3.8,5.26,83.47,Nouvelle-Aquitaine,Gironde,"(45.474673, -1.068573)",14.0,8.0,158.0,Bord de rivière ou canal,71784,9332,143568,359,32,264,59380
7,Voie Verte de Colayrac-Saint-Cirq à Brax,3.8,5.26,84.12,Nouvelle-Aquitaine,Lot-et-Garonne,"(44.193207932432, 0.5743997146827722)",14.0,8.0,155.0,Voie verte,72343,9405,144686,362,33,266,59843
8,Voie Verte des Berges de la Garonne Agen-Boé,3.9,5.13,84.43,Nouvelle-Aquitaine,Lot-et-Garonne,"(44.158682561772245, 0.6126095497202623)",14.0,8.0,155.0,Bord de sentier,72610,9439,145220,363,33,267,60063
9,VL x - Voies Lyonnaises,4.4,4.55,86.89,Auvergne-Rhône-Alpes,Métropole de Lyon,"(45.712917318325495, 4.84705989660762)",13.0,8.0,152.0,Voie verte,74725,9714,149450,374,34,275,61813
10,V86 - Voie Verte de Boisse-Penchot à Bouillac (La Vallée du Lot à vélo V86),4.6,4.35,85.63,Occitanie,Aveyron,"(44.57034900913551, 2.1589576053132924)",13.0,8.0,156.0,Bord de rivière ou canal,73642,9573,147284,368,33,271,60917
11,Voie Verte de la Chalouette,4.8,4.17,66.09,Ile-de-France,Essonne,"(48.42693, 2.07541)",12.0,7.0,132.0,Bord de voie ferrée,56837,7389,113674,284,26,209,47016
12,Voie Verte de la vallée du Lot Douelle-Mercuès,5.0,4.0,85.64,Occitanie,Lot,"(44.4798760681002, 1.35638702402979)",14.0,8.0,155.0,Bord de voie ferrée,73650,9574,147300,368,33,271,60924
13,D1215 - Voie Verte de Talais (D1215) à l'Océan,5.1,3.92,89.27,Nouvelle-Aquitaine,Gironde,"(45.458547, -1.135331)",14.0,8.0,158.0,Piste cyclable,76772,9980,153544,384,35,282,63506
14,"EV5-V32 - Via Romea Francigena / Véloroute Lille-Paris, de Angres à Lens",5.2,3.85,63.29,Hauts-de-France,Pas-de-Calais,"(50.40525899999999, 2.76848006758006)",12.0,7.0,125.0,Bord de sentier,54429,7076,108858,272,24,200,45024
15,Voie de Lexos,5.2,3.85,87.17,Occitanie,Tarn-et-Garonne,"(44.02196399999998, 1.324089)",14.0,8.0,158.0,Bord de voie ferrée,74966,9746,149932,375,34,276,62012
16,RD600 - Voie Verte Le Tacot (RD 600),5.8,3.45,88.4,Auvergne-Rhône-Alpes,Rhône,"(45.62873, 4.525369)",11.0,8.0,155.0,Bord de route,76024,9883,152048,380,34,280,62888
17,Voie Verte des Bois Francs,6.1,3.28,66.35,Normandie,Eure,"(48.716592, 0.832472)",11.0,7.0,131.0,Bord de sentier,57061,7418,114122,285,26,210,47201
18,Voie Verte de l’Ennemane,6.1,3.28,63.0,Grand Est,Ardennes,"(49.608541, 4.954576)",11.0,6.0,128.0,Voie verte,54180,7043,108360,271,24,199,44818
19,Voie Verte Boucle de la Moselle tronçon 2,6.1,3.28,72.77,Grand Est,Meurthe-et-Moselle,"(48.65889899999999, 5.892032999999999)",12.0,7.0,136.0,Bord de sentier,62582,8136,125164,313,28,230,51768
20,V86 - Voie Verte de Flagnac à Bouquiès (La Vallée du Lot à vélo V86),6.6,3.03,85.63,Occitanie,Aveyron,"(44.581546, 2.228577)",13.0,8.0,156.0,Bord de rivière ou canal,73642,9573,147284,368,33,271,60917
21,Voie Verte de Toulouse à Portet par les bords de la Garonne (V83),6.6,3.03,88.34,Occitanie,Haute-Garonne,"(43.54539276346439, 1.42625607139507)",14.0,8.0,160.0,Bord de rivière ou canal,75972,9876,151944,380,34,279,62844
22,EV3 - La Scandibérique  / V56,6.8,2.94,83.49,Nouvelle-Aquitaine,Gironde,"(44.440643, -0.292061)",14.0,8.0,152.0,Ancienne ligne ferrovière,71801,9334,143602,359,32,264,59394
23,EV1 - Voie Verte Le Chemin de la Baie à Hendaye (EV1 Vélodyssée),6.8,2.94,80.4,Pays basque autonome,Basse-Bidassoa,"(43.34261699999999, -1.786174)",15.0,8.0,154.0,Voie verte,69144,8989,138288,346,31,254,57196
24,V 3004 - Voie Verte de l'Espiguette,7.0,2.86,109.95,Occitanie,Gard,"(43.487409, 4.138128)",16.0,9.0,178.0,Voie verte,94557,12292,189114,473,43,348,78218
25,Voie Verte de Seignosse-Océan à Tosse,7.0,2.86,86.85,Nouvelle-Aquitaine,Landes,"(43.687478, -1.417751)",15.0,8.0,157.0,Bord de voie ferrée,74691,9710,149382,373,34,275,61785
26,Voie Verte de la vallée de la Bièvre,7.1,2.82,69.14,Grand Est,Moselle,"(48.669861, 7.051851999999999)",11.0,7.0,136.0,Bord de voie ferrée,59460,7730,118920,297,27,219,49186
27,Voie verte de la Leysse et des Planeurs,7.1,2.82,86.87,Auvergne-Rhône-Alpes,Savoie,"(45.552953, 5.933481)",12.0,8.0,156.0,Voie verte,74708,9712,149416,374,34,275,61799
28,Voie Verte de Saint-Julien-en-Born à Contis-Plage,7.3,2.74,89.61,Nouvelle-Aquitaine,Landes,"(44.06753, -1.310163)",15.0,8.0,160.0,Bord de sentier,77065,10018,154130,385,35,283,63749
29,Itinéraire des Berges de la Rosselle,7.3,2.74,71.56,Grand Est,Moselle,"(49.141146608703295, 6.811136000456683)",12.0,7.0,134.0,Voie verte,61542,8000,123084,308,28,226,50908
30,Voie Verte Sarreguemines-Bliesbruck,7.4,2.7,70.64,Grand Est,Moselle,"(49.112816, 7.121241)",11.0,7.0,135.0,Bord de voie ferrée,60750,7898,121500,304,27,223,50253
31,Voie Verte Boucle de la Moselle tronçon 3,7.5,2.67,72.18,Grand Est,Meurthe-et-Moselle,"(48.635404, 5.974178)",11.0,7.0,137.0,Bord de sentier,62075,8070,124150,310,28,228,51349
32,Liaison Bart - St-Julien-lès-Montbéliard,7.5,2.67,73.73,Bourgogne-Franche-Comté,Doubs,"(47.4909002323203, 6.69509603274827)",11.0,7.0,139.0,Bord de route,63408,8243,126816,317,29,233,52451
33,Véloroute-Voie Verte Jurançon-Gan,7.6,2.63,72.71,Nouvelle-Aquitaine,Pyrénées-Atlantiques,"(43.21788547930983, -0.389961201258302)",14.0,8.0,148.0,Bord de route,62531,8129,125062,313,28,230,51726
34,Piste Les Essarts-le-Roi à Senlisse,7.7,2.6,63.61,Île-de-France,Yvelines,"(48.684068, 1.884611)",11.0,7.0,129.0,Bord de sentier,54705,7112,109410,274,25,201,45252
35,Voie Verte Sarreguemines-Hambach,7.7,2.6,72.78,Grand Est,Moselle,"(49.049563, 7.026953)",11.0,7.0,135.0,Bord de voie ferrée,62591,8137,125182,313,28,230,51776
36,V75 - Véloroute Montluçon - Diou / Voie Verte de Dompierre-sur-Besbre à Diou,7.8,2.56,77.43,Auvergne-Rhône-Alpes,Allier,"(46.519282, 3.684874)",12.0,8.0,145.0,Voie verte,66590,8657,133180,333,30,245,55084
37,"V16 / V32 / V33 - V16 / V32 / V33 / Voie verte du canal de Saint-Denis, de St-Denis à La Villette",7.8,2.56,64.53,Ile-de-Frane,Paris,"(48.882991, 2.346702)",12.0,7.0,128.0,Bord de rivière ou canal,55496,7214,110992,277,25,204,45907
38,Voie Verte Cahors - Arcambal (V86/V87),8.3,2.41,86.24,Occitanie,Lot,"(44.44703754596179, 1.4469291442436)",14.0,8.0,155.0,Voie verte,74166,9642,148332,371,33,273,61351
39,Voie Verte de Vendays-Montalivet à Montalivet-les-Bains,8.3,2.41,89.28,Nouvelle-Aquitaine,Gironde,"(45.354773, -1.145218)",14.0,8.0,157.0,Bord de sentier,76781,9982,153562,384,35,282,63514
40,Piste cyclable Auch-Aubiet,8.3,2.41,85.3,Occitanie,Gers,"(43.647942223527, 0.6310274259806897)",14.0,8.0,158.0,Piste cyclable,73358,9537,146716,367,33,270,60682
41,Liaison Krautergersheim - Rosheim,8.4,2.38,73.12,Grand Est,Bas-Rhin,"(48.494625000000006, 7.478307)",12.0,7.0,137.0,Bord de route,62883,8175,125766,314,28,231,52017
42,Voie Verte de la vallée de l'Hers,8.4,2.38,88.97,Occitanie,Haute-Garonne,"(43.573124, 1.466841)",14.0,8.0,160.0,Bord de sentier,76514,9947,153028,383,34,281,63293
43,V32 - Lille - Paris / Trans'Oise de Therdonne à Hermes,8.6,2.33,64.51,Hauts-de-France,Oise,"(49.36792, 2.161544)",12.0,7.0,128.0,Voie verte,55479,7212,110958,277,25,204,45893
44,Liaison cyclable Belfort - Malsaucy,8.6,2.33,74.05,Bourgogne-Franche-Comté,Territoire-de-Belfort,"(47.628621999999986, 6.812392)",11.0,7.0,139.0,Bord de sentier,63683,8279,127366,318,29,234,52679
45,Voie Verte en Villeneuvois (V86),8.8,2.27,85.63,Nouvelle-Aquitaine,Lot-et-Garonne,"(44.400717, 0.631209)",14.0,8.0,155.0,Bord de voie ferrée,73642,9573,147284,368,33,271,60917
46,Voie Verte de Paladru,9.0,2.22,89.3,Auvergne-Rhône-Alpes,Isère,"(45.42637, 5.513919)",11.0,8.0,156.0,Voie verte,76798,9984,153596,384,35,282,63528
47,V830 - Voie Verte de Sète à Balaruc-le-Vieux,9.0,2.22,109.35,Occitanie,Hérault,"(43.406893366815396, 3.68301694668896)",16.0,9.0,177.0,Bord de voie ferrée,94041,12225,188082,470,42,346,77791
48,Voie Verte de la Haute Meurthe,9.1,2.2,71.89,Grand Est,Vosges,"(48.17436669276569, 6.939822)",11.0,7.0,136.0,Bord de voie ferrée,61825,8037,123650,309,28,227,51142
49,Voie Verte de Strasbourg à La Wantzenau,9.2,2.17,74.63,Grand Est,Bas-Rhin,"(48.59104299999999, 7.782273999999999)",12.0,7.0,137.0,Bord de sentier,64182,8344,128364,321,29,236,53092
50,"EV3 - Scandibérique / Trans'Oise, de Compiègne à Lacroix-St-Ouen",9.3,2.15,63.89,Hauts-de-France,Oise,"(49.352816, 2.765481)",12.0,7.0,128.0,Voie verte,54945,7143,109890,275,25,202,45451
51,"Piste cyclable de l'ARC, de la Clairière de l'Armistice à Compiègne",9.5,2.11,63.28,Hauts-de-France,Oise,"(49.418149, 2.823698)",12.0,7.0,128.0,Bord de rivière ou canal,54421,7075,108842,272,24,200,45017
52,Voie Verte des Kaolins,10.1,1.98,73.98,Bretagne,Morbihan,"(47.711279, -3.47165)",13.0,8.0,141.0,Ancienne ligne ferrovière,63623,8271,127246,318,29,234,52629
53,"EV6 - de l'Atlantique à la Mer Noire, de Cuffy (pont de Guétin) à Nevers",10.3,1.94,73.15,Bourgogne-Franche-Comté,Nièvre,"(46.94163799999999, 3.069423)",12.0,7.0,140.0,Bord de rivière ou canal,62909,8178,125818,315,28,231,52039
54,Piste du Vignac,10.3,1.94,89.91,Nouvelle-Aquitaine,Landes,"(44.001656, -1.250016)",15.0,8.0,159.0,Bord de voie ferrée,77323,10052,154646,387,35,284,63962
55,Voie Verte Itinéraire Airbus A380 tronçon de l'Isle-Jourdain,10.4,1.92,87.74,Occitanie,Gers,"(43.61480529346401, 1.0659905330292)",14.0,8.0,159.0,Bord de route,75456,9809,150912,377,34,277,62418
56,Voie Verte Portes Bonheur - Chemin des Carrières,10.4,1.92,73.12,Grand Est,Bas-Rhin,"(48.44770620047875, 7.420909087169719)",11.0,7.0,135.0,Ancienne ligne ferrovière,62883,8175,125766,314,28,231,52017
57,Véloroute - Voie Verte de l'Adour Maritime,10.5,1.9,80.41,Nouvelle-Aquitaine,Pyrénées-Atlantiques,"(43.496445, -1.419377)",15.0,8.0,158.0,Bord de rivière ou canal,69153,8990,138306,346,31,254,57204
58,Voies du Plan Vert de Chartres,10.5,1.9,66.09,Centre-Val de Loire,Eure-et-Loir,"(48.42531164780694, 1.4802579999999999)",12.0,7.0,133.0,Bord de rivière ou canal,56837,7389,113674,284,26,209,47016
59,"V50 / V52 - La Voie Bleue, Moselle-Saône à vélo, de Laneuveville-devant-Nancy à Méréville / Voie Verte Boucle de la Moselle - secteur Sud-Est",10.7,1.87,72.17,Grand Est,Meurthe-et-Moselle,"(48.601507000000005, 6.15381)",12.0,7.0,137.0,Piste cyclable,62066,8069,124132,310,28,228,51341
60,Véloroute-Voie Verte de la Vallée d’Ossau,10.9,1.83,70.9,Nouvelle-Aquitaine,Pyrénées-Atlantiques,"(43.060079301039906, -0.45721005880948)",11.0,7.0,148.0,Voie verte,60974,7927,121948,305,27,224,50438
61,V16 / V32 / V33 - de Colombes à St-Denis,11.0,1.82,65.14,Ile-de-France,Hauts-de-Seine,"(48.931927, 2.242219)",12.0,7.0,129.0,Bord de route,56020,7283,112040,280,25,206,46340
62,Voie Verte du Camin d'Adour,11.1,1.8,80.94,Occitanie,Hautes-Pyrénées,"(43.20376400000001, 0.08193099999999999)",13.0,8.0,154.0,Bord de rivière ou canal,69608,9049,139216,348,31,256,57580
63,"EV8 - La Vélittorale, de Le Barcarès à Canet-plage",11.4,1.75,107.2,Occitanie,Pyrénées-Orientales,"(42.68893231328391, 3.0167592169936444)",17.0,9.0,178.0,Bord de route,92192,11985,184384,461,41,339,76262
64,Voie Verte Petiville - Villequier,11.4,1.75,65.73,Normandie,Calvados,"(49.43254, 0.201506191445589)",12.0,7.0,133.0,Bord de rivière ou canal,56528,7349,113056,283,25,208,46760
65,Voie Verte de la Vallée de la Charentonne (Bernay - Broglie),11.5,1.74,65.73,Normandie,Eure,"(49.00714, 0.53126)",11.0,7.0,129.0,Bord de voie ferrée,56528,7349,113056,283,25,208,46760
66,Voie Verte du canal de Montech (Canal des 2 mers à vélo V80 et La Vagabonde V87),11.6,1.72,85.95,Occitanie,Tarn-et-Garonne,"(43.95701531567729, 1.23593139740845)",14.0,8.0,158.0,Bord de rivière ou canal,73917,9609,147834,370,33,272,61145
67,EV6 / V51 - Voie Verte de Bourbon-Lancy à Diou,11.8,1.69,77.42,Auvergne-Rhône-Alpes,Allier,"(46.53644800000001, 3.741445)",12.0,8.0,145.0,Bord de voie ferrée,66581,8656,133162,333,30,245,55076
68,"EV6 - de l'Atlantique à la Mer Noire / La Loire à vélo, de Savigny-en-Véron à Huismes",11.8,1.69,72.16,Centre-Val de Loire,Indre-et-Loire,"(47.20075126049119, 0.14414385851636707)",13.0,7.0,138.0,Bord de route,62058,8068,124116,310,28,228,51335
69,EV6 / V51 - Voie Verte Digoin - Paray-le-Monial,11.8,1.69,77.11,Auvergne-Rhône-Alpes,Allier,"(46.455421, 3.978613)",12.0,7.0,145.0,Bord de rivière ou canal,66315,8621,132630,332,30,244,54856
70,Piste cyclable La Barque - Trets,11.9,1.68,119.14,Provence-Alpes-Côte d'Azur,Bouches-du-Rhône,"(43.449848, 5.542002)",14.0,10.0,187.0,Bord de sentier,102460,13320,204920,512,46,377,84756
71,Voie Verte de Sainte-Livrade-sur-Lot à Le Temple-sur-Lot (V86),12.0,1.67,85.63,Nouvelle-Aquitaine,Lot-et-Garonne,"(44.38069399999998, 0.5269848836495881)",14.0,8.0,155.0,Bord de voie ferrée,73642,9573,147284,368,33,271,60917
72,La Littorale de Montredon-des-Corbières à Névian,12.2,1.64,103.89,Occitanie,Aude,"(43.181458, 2.907409)",16.0,9.0,173.0,Bord de route,89345,11615,178690,447,40,328,73907
73,Voie Verte de la Nive,12.4,1.61,86.53,Nouvelle-Aquitaine,Pyrénées-Atlantiques,"(43.405827, -1.486566)",15.0,8.0,155.0,Bord de sentier,74416,9674,148832,372,33,274,61557
74,Voie Verte du canal latéral à la Marne,12.5,1.6,70.33,Grand Est,Marne,"(48.902392999999975, 4.309366)",12.0,7.0,135.0,Bord de rivière ou canal,60484,7863,120968,302,27,222,50033
75,"EV5 - Via Romea Francigena / Voie Verte du Canal de la Sarre, de Grosbliederstroff à Sarreguemines",12.6,1.59,72.78,Grand Est,Moselle,"(49.099741, 7.027339)",11.0,7.0,135.0,Bord de rivière ou canal,62591,8137,125182,313,28,230,51776
76,La trace du Courlis,12.8,1.56,73.74,Bourgogne-Franche-Comté,Haute-Saône,"(47.619229, 6.018754)",12.0,7.0,140.0,Bord de voie ferrée,63416,8244,126832,317,29,233,52458
77,"EV3 - Scandibérique / Trans'Oise, de Abbécourt à Sempigny (Noyon)",13.1,1.53,63.57,Hauts-de-France,Oise,"(49.56176, 2.99098)",12.0,6.0,127.0,Bord de rivière ou canal,54670,7107,109340,273,25,201,45223
78,Trans’Oise de Frétoy-le-Château à Pont-l’Evêque,13.2,1.52,62.36,Hauts-de-France,Oise,"(49.56572, 2.939076)",12.0,6.0,127.0,Bord de rivière ou canal,53630,6972,107260,268,24,197,44363
79,Voie Verte des Hauts de Tardoire,13.3,1.5,75.84,Nouvelle-Aquitaine,Haute-Vienne,"(45.651998, 0.870329)",12.0,7.0,146.0,Bord de voie ferrée,65222,8479,130444,326,29,240,53952
80,Piste cyclable du tramway T3 (LEA),13.3,1.5,84.73,Auvergne-Rhône-Alpes,Métropole de Lyon,"(45.752477999999996, 4.861464000000001)",13.0,8.0,152.0,Bord de voie ferrée,72868,9473,145736,364,33,268,60277
81,V80 - Voie Verte Etauliers - Blaye,13.4,1.49,78.91,Nouvelle-Aquitaine,Gironde,"(45.129228, -0.662554)",14.0,8.0,148.0,Bord de voie ferrée,67863,8822,135726,339,31,249,56137
82,Voie Verte de Perpignan à Ste-Marie-la-Mer,13.5,1.48,107.2,Occitanie,Pyrénées-Orientales,"(42.706376, 2.900195)",17.0,9.0,178.0,Voie verte,92192,11985,184384,461,41,339,76262
83,Voie Verte Santenay - Nolay,13.6,1.47,78.0,Bourgogne-Franche-Comté,Saône-et-Loire,"(46.900833, 4.598647)",11.0,7.0,144.0,Bord de voie ferrée,67080,8720,134160,335,30,247,55489
84,V65 - de La Ciotat à Toulon / Parcours cyclable du littoral,13.6,1.47,121.3,Provence-Alpes-Côte d'Azur,Var,"(43.093381, 5.80835)",17.0,10.0,190.0,Voie verte,104318,13561,208636,522,47,384,86292
85,Piste cyclable Montpellier Carnon,13.7,1.46,107.22,Occitanie,Hérault,"(43.545467, 3.899705)",16.0,9.0,175.0,Piste cyclable,92209,11987,184418,461,41,339,76276
86,Voie Verte TCSP Massy- Christ de Saclay,13.7,1.46,65.46,Ile-de-France,Essonne,"(48.71028999999999, 2.13853)",12.0,7.0,130.0,Voie verte,56296,7318,112592,281,25,207,46568
87,Itinéraire Gilette - La Baronne,13.8,1.45,109.41,Provence-Alpes-Côte d'Azur,Alpes-Maritimes,"(43.71966, 7.179233)",16.0,9.0,178.0,Voie verte,94093,12232,188186,470,42,346,77834
88,Voie Verte de Molsheim à Wasselonne,14.0,1.43,74.33,Grand Est,Bas-Rhin,"(48.568833999999995, 7.403235)",11.0,7.0,138.0,Bord de voie ferrée,63924,8310,127848,320,29,235,52878
89,Voie Verte du Beaujolais,14.0,1.43,83.23,Auvergne-Rhône-Alpes,Rhône,"(46.110589, 4.59655)",12.0,8.0,150.0,Bord de voie ferrée,71578,9305,143156,358,32,263,59210
90,"EV5 - Via Romea Francigena / Voie Verte de la Lys, de Aire-sur-la-Lys à St-Venant",14.2,1.41,62.68,Hauts-de-France,Pas-de-Calais,"(50.62540635353338, 2.4060796933008057)",12.0,7.0,125.0,Bord de rivière ou canal,53905,7008,107810,270,24,198,44591
91,"EV3 - Scandibérique / Voie Verte Galope Chopine, de Reignac à Chevanceaux",14.4,1.39,79.81,Nouvelle-Aquitaine,Charente-Maritime,"(45.31106400000001, -0.254041924801428)",13.0,8.0,148.0,Bord de voie ferrée,68637,8923,137274,343,31,252,56777
92,"V43 - La Loire à vélo / VéloFrancette, de Bouchemaine à la Daguenière",14.8,1.35,68.79,Pays de la Loire,Maine-et-Loire,"(47.417530999999975, -0.61036)",13.0,7.0,135.0,Bord de route,59159,7691,118318,296,27,217,48937
93,V31 / IC42 - Véloroute du Val d'Argent,14.8,1.35,75.25,Grand Est,Haut-Rhin,"(48.254141, 7.204837)",11.0,8.0,138.0,Bord de route,64715,8413,129430,324,29,238,53533
94,Piste des plages Bayonne-Anglet (EV1 Vélodyssée),15.1,1.32,86.53,Nouvelle-Aquitaine,Pyrénées-Atlantiques,"(43.473032999999994, -1.566724)",15.0,8.0,158.0,Bord de route,74416,9674,148832,372,33,274,61557
95,"V30 - Voie Verte du canal de la Somme, de St-Valéry/Somme à Abbeville",15.2,1.32,69.08,Hauts-de-France,Somme,"(50.103460999999996, 1.650867)",12.0,7.0,132.0,Bord de rivière ou canal,59409,7723,118818,297,27,218,49143
96,Voie Verte de Lembach à Durrenbach,15.4,1.3,73.41,Grand Est,Bas-Rhin,"(48.90004799999999, 7.742193999999999)",12.0,7.0,136.0,Bord de voie ferrée,63133,8207,126266,316,28,232,52224
97,"EV5 - Via Romea Francigena / Voie Verte du Canal de la Sarre, de Mittersheim à Gondrexange",15.5,1.29,71.86,Grand Est,Moselle,"(48.69911099999999, 6.909569)",11.0,7.0,136.0,Bord de rivière ou canal,61800,8034,123600,309,28,227,51121
98,Voie Verte de la vallée de l'Amezule,15.7,1.27,72.18,Grand Est,Meurthe-et-Moselle,"(48.738005999999984, 6.182283361008255)",12.0,7.0,136.0,Bord de voie ferrée,62075,8070,124150,310,28,228,51349
99,Voie Verte de Perpignan à Thuir,15.7,1.27,105.67,Occitanie,Pyrénées-Orientales,"(42.621595, 2.756597)",16.0,9.0,176.0,Bord de voie ferrée,90876,11814,181752,454,41,334,75173
100,"EV5 - Via Romea Francigena, de Guebwiller à Cernay / Véloroute du vignoble d'Alsace",15.9,1.26,77.71,Grand Est,Haut-Rhin,"(47.805267, 7.172035999999999)",12.0,8.0,142.0,Bord de route,66831,8688,133662,334,30,246,55283
101,"EV15 - Véloroute du Rhin, de Lauterbourg à Seltz",15.9,1.26,73.09,Grand Est,Bas-Rhin,"(48.888166217762105, 8.129899)",12.0,7.0,135.0,Bord de route,62857,8171,125714,314,28,231,51996
102,Voie verte de la vallée du Rabodeau,15.9,1.26,67.64,Grand Est,Vosges,"(48.36439741146428, 6.865121040717475)",12.0,7.0,136.0,Ancienne ligne ferrovière,58170,7562,116340,291,26,214,48119
103,"EV6 - Voie Verte du canal du Rhône au Rhin, de Mulhouse à Niffer",16.2,1.23,75.57,Grand Est,Haut-Rhin,"(47.709292, 7.358128)",11.0,8.0,141.0,Bord de rivière ou canal,64990,8449,129980,325,29,239,53760
104,"V81 - Véloroute du Piémont Pyrénéen, de Bayonne à Urt",16.4,1.22,80.41,Nouvelle-Aquitaine,Pyrénées-Atlantiques,"(43.483582730700114, -1.4652639691135145)",15.0,8.0,158.0,Bord de sentier,69153,8990,138306,346,31,254,57204
105,"EV3 / V41 - EV3 : la Scandibérique / V41 : St-Jacques à vélo via Chartres, de Hostens à St-Symphorien",16.5,1.21,82.88,Nouvelle-Aquitaine,Landes,"(44.42868671908339, -0.655152)",14.0,8.0,152.0,Ancienne ligne ferrovière,71277,9266,142554,356,32,262,58961
106,"V43 - La Vélo Francette, de Ouistreham à Caen / Voie Verte Caen - Ouistreham",16.5,1.21,72.77,Normandie,Calvados,"(49.178182702756104, -0.35327003869016155)",12.0,7.0,132.0,Bord de rivière ou canal,62582,8136,125164,313,28,230,51768
107,"V409 - La Régalante, de Teillay à Chateaubriant / Voie Verte de Châteaubriant à Rougé",16.6,1.2,63.89,Pays de la Loire,Loire-Atlantique,"(47.70854199999999, -1.47261213714847)",12.0,7.0,133.0,Bord de voie ferrée,54945,7143,109890,275,25,202,45451
108,"V40 - la Véloscénie, de Massy à Paris / Coulée verte du sud parisien",16.6,1.2,64.84,Ile-de-France,Essonne,"(48.738059, 2.272671)",12.0,7.0,129.0,Bord de sentier,55762,7249,111524,279,25,205,46127
109,"Voie verte du Pays de l'Or, le long du canal Ph. Lamour",16.8,1.19,108.45,Occitanie,Hérault,"(43.5785818334414, 3.9425763235232605)",16.0,9.0,175.0,Bord de rivière ou canal,93267,12125,186534,466,42,343,77151
110,"EV5 - Via Romea Francigena, de Cernay à Ensisheim / Voie Verte Les Rives de la Thur",16.9,1.18,77.71,Grand Est,Haut-Rhin,"(47.804832, 7.172503)",12.0,8.0,142.0,Bord de sentier,66831,8688,133662,334,30,246,55283
111,"EV3 - La Scandibérique / Voie Verte Mios - Bazas, de St-Symphorien à Le Nizan",17.0,1.18,81.65,Nouvelle-Aquitaine,Gironde,"(44.42866399999998, -0.482279)",14.0,8.0,152.0,Ancienne ligne ferrovière,70219,9128,140438,351,32,258,58086
112,Voie Verte des Deux Sarres,17.1,1.17,71.58,Grand Est,Moselle,"(48.63430899999998, 7.008046000000001)",12.0,7.0,135.0,Bord de voie ferrée,61559,8003,123118,308,28,226,50922
113,"EV4 - La Vélomaritime, de Dunkerque à Bray-Dunes",17.6,1.14,67.54,Hauts-de-France,Nord,"(50.969568999999986, 2.37129)",12.0,7.0,130.0,Bord de route,58084,7551,116168,290,26,214,48047
114,"EV5 - Via Romea Francigena, de Parc d'Olhain (Maisnil-lès-Ruitz) à Angres (intersection V32)",17.7,1.13,63.59,Hauts-de-France,Pas-de-Calais,"(50.39761699999998, 2.5825599999999995)",11.0,7.0,125.0,Voie verte,54687,7109,109374,273,25,201,45237
115,"EV17a - ViaRhôna, de Beaucaire à Arles",17.9,1.12,109.97,Provence-Alpes-Côte d'Azur,Bouches-du-Rhône,"(43.678091999999985, 4.606740585031841)",16.0,9.0,179.0,Voie verte,94574,12295,189148,473,43,348,78232
116,"EV5 - Via Romea Francigena, de Ensisheim à Mulhouse",18.2,1.1,77.71,Grand Est,Haut-Rhin,"(47.751104, 7.340672)",12.0,8.0,142.0,Bord de route,66831,8688,133662,334,30,246,55283
117,Coulée verte du canal (de Belfort à Montbéliard),18.2,1.1,72.51,Bourgogne-Franche-Comté,Doubs,"(47.522393, 6.795272)",11.0,7.0,139.0,Bord de rivière ou canal,62359,8107,124718,312,28,229,51584
118,EV6 - de l'Atlantique à la Mer Noire / Loire à vélo / Voie Verte de Villandry à Tours,18.3,1.09,69.73,Centre-Val de Loire,Indre-et-Loire,"(47.343395, 0.510339)",13.0,7.0,136.0,Bord de rivière ou canal,59968,7796,119936,300,27,220,49606
119,Voie Verte du Pays de Valois,18.5,1.08,63.9,Hauts-de-France,Oise,"(49.12702799999999, 2.8659494174199804)",12.0,6.0,129.0,Ancienne ligne ferrovière,54954,7144,109908,275,25,202,45458
120,"EV8 / V80 - EV8 La Méditerranée à vélo, de Narbonne à Mirepeisset",18.6,1.08,102.05,Occitanie,Aude,"(43.183583, 2.9222139044424082)",16.0,9.0,173.0,Bord de route,87763,11409,175526,439,39,323,72598
121,Piste verte en Sumène-Artense,18.7,1.07,81.42,Auvergne-Rhône-Alpes,Cantal,"(45.31049999999999, 2.392499)",12.0,7.0,149.0,Bord de voie ferrée,70021,9103,140042,350,31,257,57922
122,"Piste de la Largue, de Dannemarie à Pfetterhouse",18.8,1.06,72.84,Bourgogne-Franche-Comté,Territoire-de-Belfort,"(47.501759, 7.112011)",11.0,7.0,139.0,Bord de voie ferrée,62642,8143,125284,313,28,230,51818
123,Voie Verte des Gaves,19.1,1.05,75.47,Occitanie,Hautes-Pyrénées,"(42.961218, -0.097906)",9.0,8.0,157.0,Bord de voie ferrée,64904,8438,129808,325,29,239,53689
124,"V16 - Avenue Verte London-Paris / Voie Verte de la Vallée de l'Epte, de Gisors à Bray-et-Lû",19.2,1.04,64.51,Normandie,Val-d'Oise,"(49.13866031604971, 1.651777)",12.0,7.0,129.0,Bord de voie ferrée,55479,7212,110958,277,25,204,45893
125,EV6 - Véloroute des Fleuves / Voie Verte de Diou à Digoin,19.3,1.04,77.42,Auvergne-Rhône-Alpes,Allier,"(46.470867999999996, 3.761139)",12.0,8.0,145.0,Bord de rivière ou canal,66581,8656,133162,333,30,245,55076
126,"V32 - Véloroute du Nord / Voie Verte de la Lys, de Dêulémont à Halluin",19.4,1.03,63.59,Hauts-de-France,Nord,"(50.724975, 2.939562)",12.0,7.0,124.0,Bord de rivière ou canal,54687,7109,109374,273,25,201,45237
127,"V50 - La Voie Bleue, Moselle-Saône à vélo, de Pompey à Laneuveville-devant-Nancy / Voie Verte Boucle de la Moselle - secteur Est",19.6,1.02,72.18,Grand Est,Meurthe-et-Moselle,"(48.65949799999999, 6.136406)",11.0,7.0,136.0,Bord de rivière ou canal,62075,8070,124150,310,28,228,51349
128,Voie Verte de la vallée de la Doller,19.7,1.02,74.66,Bourgogne-Franche-Comté,Territoire-de-Belfort,"(47.741040999999996, 6.9175189999999995)",10.0,7.0,140.0,Bord de voie ferrée,64208,8347,128416,321,29,236,53113
129,EV3 - Scandibérique / Trans'Oise de Lacroix-St-Ouen à Pont-Ste-Maxence,19.8,1.01,64.51,Hauts-de-France,Oise,"(49.30168599999999, 2.612144)",12.0,7.0,128.0,Voie verte,55479,7212,110958,277,25,204,45893
130,"V45 - La Littorale, de Vannes à St-Armel",19.9,1.01,74.61,Bretagne,Morbihan,"(47.573392, -2.764273988512158)",13.0,8.0,145.0,Bord de route,64165,8341,128330,321,29,236,53078
131,"EV1 - La Vélodyssée, de Biganos à La Teste-de-Buch",20.0,1.0,92.04,Nouvelle-Aquitaine,Gironde,"(44.609225366446395, -1.1566965960442)",14.0,8.0,162.0,Bord de sentier,79154,10290,158308,396,36,291,65477
132,Voie verte Trans-Semoysienne,20.3,0.99,61.77,Grand Est,Ardennes,"(49.8562127607527, 4.741597056353971)",11.0,6.0,124.0,Bord de rivière ou canal,53122,6906,106244,266,24,195,43943
133,"V833 - Axe Littoral, de Mandirac à Saint-Pierre-la-Mer",20.4,0.98,107.54,Occitanie,Aude,"(43.111121, 3.0320980000000004)",16.0,9.0,176.0,Bord de sentier,92484,12023,184968,462,42,340,76503
134,Voie Verte départementale Dainville - Saulty (Véloroute de la Mémoire),20.5,0.98,63.59,Hauts-de-France,Pas-de-Calais,"(50.209229, 2.550529)",11.0,6.0,125.0,Bord de voie ferrée,54687,7109,109374,273,25,201,45237
135,"EV5 - Via Romea Francigena, de Béthune à Parc d'Olhain (Maisnil-lès-Ruitz)",20.6,0.97,61.76,Hauts-de-France,Pas-de-Calais,"(50.44143599999998, 2.544466)",12.0,6.0,125.0,Bord de route,53114,6905,106228,266,24,195,43936
136,Voie Verte Le Chemin du train,20.7,0.97,73.13,Bourgogne-Franche-Comté,Doubs,"(46.91374407738829, 6.34625618564228)",10.0,7.0,141.0,Bord de voie ferrée,62892,8176,125784,314,28,231,52025
137,"EV5 - Via Romea Francigena / Voie Verte du Canal de la Sarre, de Sarralbe à Mittersheim",20.7,0.97,72.77,Grand Est,Moselle,"(48.86482995577035, 6.935468610442957)",11.0,7.0,136.0,Bord de rivière ou canal,62582,8136,125164,313,28,230,51768
138,Itinéraire du Chemin des Romains,20.8,0.96,72.78,Grand Est,Moselle,"(49.10983598272866, 6.83362304457473)",11.0,7.0,135.0,Bord de route,62591,8137,125182,313,28,230,51776
139,Voie douce de la Payre,21.3,0.94,98.43,Auvergne-Rhône-Alpes,Ardèche,"(44.694214, 4.576964)",11.0,9.0,165.0,Bord de voie ferrée,84650,11004,169300,423,38,311,70023
140,Liaison intercommunale Molsheim - Altdorf - Duppigheim- Entzheil - Lingolsheim - Strasbourg,21.3,0.94,74.03,Grand Est,Bas-Rhin,"(48.52486944878877, 7.4988060237476635)",12.0,7.0,138.0,Voie verte,63666,8277,127332,318,29,234,52665
141,"V50 - La Voie Bleue, Moselle-Saône à vélo, de Pont-à-Mousson à Pompey (Nancy)",21.5,0.93,72.48,Grand Est,Meurthe-et-Moselle,"(48.779211999999994, 6.051226248576977)",11.0,7.0,136.0,Piste cyclable,62333,8103,124666,312,28,229,51562
142,Voie Verte Itinéraire Airbus A380 en Haute-Garonne,21.5,0.93,86.83,Occitanie,Haute-Garonne,"(43.636924213279094, 1.15129459394361)",14.0,8.0,159.0,Bord de route,74674,9708,149348,373,34,275,61771
143,"V16a - Avenue Verte London - Paris, de Therdonne à Clermont",21.6,0.93,64.21,Hauts-de-France,Oise,"(49.376242785960386, 2.161852)",12.0,7.0,128.0,Bord de route,55221,7179,110442,276,25,203,45679
144,La Vigne à Vélo,22.1,0.9,113.07,Provence-Alpes-Côte d'Azur,Var,"(43.45665722166526, 6.419968645834898)",16.0,9.0,181.0,Voie verte,97240,12641,194480,486,44,358,80438
145,"EV5 - Via Romea Francigena / Voie Verte du canal de la Sarre, de Sarreguemines à Sarralbe",22.2,0.9,73.39,Grand Est,Moselle,"(49.002990165237, 7.030105921310613)",11.0,7.0,135.0,Bord de rivière ou canal,63115,8205,126230,316,28,232,52209
146,"V51a - Voie Verte de Bourgogne du sud, de St-Gengoux-le-National à Cluny",22.3,0.9,78.36,Bourgogne-Franche-Comté,Saône-et-Loire,"(46.424835, 4.66611)",12.0,7.0,144.0,Ancienne ligne ferrovière,67390,8761,134780,337,30,248,55745
147,"EV15 - Véloroute du Rhin, de Seltz à Drusenheim",22.3,0.9,74.02,Grand Est,Bas-Rhin,"(48.757226999999986, 7.952501815421089)",12.0,8.0,136.0,Bord de route,63657,8275,127314,318,29,234,52657
148,"V52 - Paris - Strasbourg, de Nancy à Einville-au-Jard / Voie verte du canal de la Marne au Rhin",22.4,0.89,73.09,Grand Est,Meurthe-et-Moselle,"(48.628468347035785, 6.232509097687702)",12.0,7.0,137.0,Voie verte,62857,8171,125714,314,28,231,51996
149,Avenue Verte de Tarentaise,22.4,0.89,87.12,Auvergne-Rhône-Alpes,Savoie,"(45.511305, 6.565159)",11.0,8.0,157.0,Bord de sentier,74923,9740,149846,375,34,275,61977
150,Voie Verte Lacanau - Arès,22.5,0.89,89.26,Nouvelle-Aquitaine,Gironde,"(44.779506, -1.136632)",14.0,8.0,156.0,Bord de voie ferrée,76764,9979,153528,384,35,282,63500
151,"EV5 / V52 - Via Romea Francigena : Paris - Strasbourg / Voie Verte du canal de la Marne au Rhin, de Saverne à Waltenheim-sur-Zorn",22.5,0.89,74.62,Grand Est,Bas-Rhin,"(48.739893, 7.361339)",11.0,7.0,137.0,Bord de rivière ou canal,64173,8342,128346,321,29,236,53084
152,"EV1 - La Vélodyssée, de Lège-Cap-Ferret à Biganos",22.8,0.88,86.54,Nouvelle-Aquitaine,Gironde,"(44.63826287190792, -1.143329)",15.0,8.0,162.0,Bord de sentier,74424,9675,148848,372,33,274,61564
153,"EV5-V32 - Via Romea Francigena / Véloroute Lille - Paris, de Lens à Don",23.0,0.87,62.99,Hauts-de-France,Pas-de-Calais,"(50.4213231427521, 2.7890669746593004)",12.0,7.0,124.0,Bord de rivière ou canal,54171,7042,108342,271,24,199,44811
154,"V43 - La Vélo Francette / Voie verte de la Suisse normande, de Thury-Harcourt à Pont-d'Ouilly",23.2,0.86,63.29,Normandie,Calvados,"(48.873849733175504, -0.510786)",11.0,6.0,129.0,Voie verte,54429,7076,108858,272,24,200,45024
155,"V16 - Avenue Verte London-Paris, Voie Verte du Pays de Bray, de Forges-les-Eaux à Mesnières en Bray",23.2,0.86,62.34,Normandie,Seine-Maritime,"(49.608211999999995, 1.3796611074728766)",11.0,6.0,127.0,Bord de voie ferrée,53612,6970,107224,268,24,197,44348
156,V91 - Promenade Périgord - Quercy,23.3,0.86,81.07,Nouvelle-Aquitaine,Dordogne,"(44.827643529013976, 1.231657)",14.0,8.0,152.0,Bord de voie ferrée,69720,9064,139440,349,31,256,57673
157,"EV19 - La Meuse à vélo / Voie Verte Trans-Ardennes, de Monthermé à Charleville-Mézières",23.3,0.86,61.77,Grand Est,Ardennes,"(49.758307, 4.7238370000000005)",11.0,7.0,127.0,Bord de rivière ou canal,53122,6906,106244,266,24,195,43943
158,V 3003 - Voie verte du Pont-du-Gard,23.3,0.86,107.23,Occitanie,Gard,"(43.91265700000001, 4.40331537332972)",15.0,9.0,174.0,Voie verte,92218,11988,184436,461,41,339,76283
159,"EV5 - Via Romea Francigena, de Calais à Ardres",23.5,0.85,69.07,Hauts-de-France,Pas-de-Calais,"(50.85054836224369, 1.8546870504537603)",12.0,7.0,130.0,Voie verte,59400,7722,118800,297,27,218,49136
160,La FrancoVéloSuisse,23.6,0.85,72.22,Bourgogne-Franche-Comté,Doubs,"(47.50106, 6.859455)",11.0,7.0,139.0,Voie verte,62109,8074,124218,311,28,228,51377
161,"EV1 - Vélodyssée, de La Trembalde à Royan / Voie Verte de La Tremblade à Saint-Palais-sur-Mer",24.2,0.83,89.56,Nouvelle-Aquitaine,Charente-Maritime,"(45.617568, -1.2307845781479803)",14.0,8.0,160.0,Bord de route,77022,10013,154044,385,35,283,63713
162,Voie Verte de Cuise-la-Motte à Soissons,24.2,0.83,64.82,Hauts-de-France,Oise,"(49.3640142797837, 3.00041)",12.0,6.0,128.0,Bord de voie ferrée,55745,7247,111490,279,25,205,46113
163,Voie Verte Lo Camin de Hé,24.2,0.83,87.77,Nouvelle-Aquitaine,Landes,"(43.867587, -1.309854)",15.0,8.0,160.0,Bord de voie ferrée,75482,9813,150964,377,34,278,62439
164,"V56 - St-Jacques à vélo via Vézelay / Voie Verte des Berges de l'Isle, de Bassillac à Marsac-sur-l'Isle",24.3,0.82,79.25,Nouvelle-Aquitaine,Dordogne,"(45.174799, 0.6106)",14.0,8.0,149.0,Bord de sentier,68155,8860,136310,341,31,251,56378
165,"EV4 - La Vélomaritime, de Honfleur au Havre",24.4,0.82,71.53,Normandie,Calvados,"(49.417582930517, 0.096297803020272)",13.0,7.0,136.0,Bord de route,61516,7997,123032,308,28,226,50886
166,Voie verte la Traverse,24.6,0.81,81.71,Auvergne-Rhône-Alpes,Ain,"(46.262109382277, 5.078905119416654)",13.0,8.0,147.0,Ancienne ligne ferrovière,70271,9135,140542,351,32,258,58129
167,"EV4 - La Vélomaritime, de Courseulles-sur-Mer à Bénouville",24.7,0.81,73.38,Normandie,Calvados,"(49.24257399999999, -0.457735520389962)",12.0,7.0,136.0,Bord de route,63107,8204,126214,316,28,232,52202
168,"EV15 - Voie Verte du canal du Rhône au Rhin, de Friesenheim à Artzenheim",24.7,0.81,76.48,Grand Est,Haut-Rhin,"(48.116679, 7.532893)",12.0,8.0,140.0,Bord de rivière ou canal,65773,8550,131546,329,30,242,54408
169,"EV3 - Scandibérique / Tour Charente, de Châteauneuf-sur-Charente à Reignac",25.2,0.79,79.18,Nouvelle-Aquitaine,Charente,"(45.41961206805682, -0.180352)",13.0,8.0,148.0,Bord de route,68095,8852,136190,340,31,250,56329
170,So vélo Marmande-Casteljaloux,25.3,0.79,84.4,Nouvelle-Aquitaine,Lot-et-Garonne,"(44.28681299273104, 0.06207383763129639)",14.0,8.0,152.0,Bord de voie ferrée,72584,9436,145168,363,33,267,60042
171,"V16a - Avenue Verte London - Paris, de St-Germer-de-Fly à Beauvais",25.4,0.79,62.98,Hauts-de-France,Oise,"(49.412724000000004, 1.7897822414358902)",11.0,6.0,127.0,Ancienne ligne ferrovière,54163,7041,108326,271,24,199,44804
172,"V34 - V34 : Véloroute du Canal des Ardennes / Voie verte Sud-Ardennes, de Rethel à Semuy",25.5,0.78,67.58,Grand Est,Ardennes,"(49.474789841594585, 4.3607665177079)",12.0,7.0,131.0,Bord de route,58119,7555,116238,291,26,214,48076
173,"Piste des bords de la Seine et de la Marne, de Charenton à Noisiel",25.5,0.78,64.85,Île-de-France,Val-de-Marne,"(48.80508992154932, 2.40818832806483)",12.0,7.0,129.0,Bord de rivière ou canal,55771,7250,111542,279,25,205,46134
174,Voie verte de la Vallée de la Vie,25.6,0.78,65.41,Normandie,Calvados,"(48.91629446328069, 0.017606)",12.0,7.0,130.0,Ancienne ligne ferrovière,56253,7313,112506,281,25,207,46533
175,"EV15 - Véloroute du Rhin, de Neuf-Brisach à Bantzenheim",25.7,0.78,77.71,Grand Est,Haut-Rhin,"(47.82434333861292, 7.512766)",12.0,8.0,142.0,Bord de route,66831,8688,133662,334,30,246,55283
176,EV6 - de l'Atlantique à la Mer Noire / V51,26.0,0.77,77.41,Bourgogne-Franche-Comté,Saône-et-Loire,"(46.745035, 4.495891)",12.0,7.0,144.0,Bord de route,66573,8654,133146,333,30,245,55070
177,"EV3 / V41 - EV3 : la Scandibérique / V41 : St-Jacques à vélo via Chartres, de La Brède à Hostens",26.0,0.77,81.95,Nouvelle-Aquitaine,Gironde,"(44.492074, -0.663386)",14.0,8.0,151.0,Bord de voie ferrée,70477,9162,140954,352,32,259,58299
178,V56 - de Castillon-de-Castets à Le Nizan-Gare,26.2,0.76,83.8,Nouvelle-Aquitaine,Gironde,"(44.462573999999975, -0.30122299999999996)",14.0,8.0,152.0,Bord de rivière ou canal,72068,9369,144136,360,32,265,59615
179,"V50 - La Voie Bleue, Moselle-Saône à vélo, de Charmes à Epinal",26.2,0.76,73.13,Grand Est,Vosges,"(48.18541399999998, 6.295418)",11.0,7.0,137.0,Piste cyclable,62892,8176,125784,314,28,231,52025
180,"IC33 - Véloroute de la vallée de la Bruche, de Schirmeck à Molsheim",26.2,0.76,74.64,Grand Est,Bas-Rhin,"(48.48123599999998, 7.2214670000000005)",12.0,7.0,135.0,Voie verte,64190,8345,128380,321,29,236,53098
181,"EV17 - ViaRhôna, de Caderousse à Avignon",26.4,0.76,109.04,Occitanie,Gard,"(43.95257699999999, 4.7544653827598555)",15.0,9.0,177.0,Voie verte,93774,12191,187548,469,42,345,77570
182,"EV5 - Via Romea Francigena / Voie Verte du canal de la Bruche, de Strasbourg à Molsheim",26.5,0.75,74.03,Grand Est,Bas-Rhin,"(48.53723050072369, 7.492129)",12.0,7.0,138.0,Bord de rivière ou canal,63666,8277,127332,318,29,234,52665
183,"EV19 - La Meuse à vélo, de Charleville-Mézières à Sedan",26.9,0.74,62.39,Grand Est,Ardennes,"(49.692033, 4.725656260038555)",11.0,7.0,127.0,Bord de rivière ou canal,53655,6975,107310,268,24,197,44384
184,"Le Canal des 2 mers à vélo (V80), en Haute-Garonne de Saint-Rustice à Toulouse",27.0,0.74,86.52,Occitanie,Haute-Garonne,"(43.61128, 1.300512)",14.0,8.0,159.0,Bord de rivière ou canal,74407,9673,148814,372,33,274,61550
185,"V56-V91 - St-Jacques à vélo, de Mouleydier à Pont-de-la-Beauze",27.2,0.74,80.46,Nouvelle-Aquitaine,Gironde,"(44.81930615216469, 0.193935)",14.0,8.0,151.0,Bord de rivière ou canal,69196,8995,138392,346,31,254,57239
186,"EV5 / V52 - Voie Verte du canal de la Marne au Rhin, de Waltenheim-sur-Zorn à Strasbourg",27.2,0.74,74.02,Grand Est,Bas-Rhin,"(48.573901000000006, 7.632746)",12.0,7.0,138.0,Bord de rivière ou canal,63657,8275,127314,318,29,234,52657
187,"Voie Verte de la vallée de la Baïse (V82), en Lot-et-Garonne",27.2,0.74,84.11,Nouvelle-Aquitaine,Lot-et-Garonne,"(44.01350988907369, 0.29440141809185)",14.0,8.0,155.0,Bord de voie ferrée,72335,9404,144670,362,33,266,59836
188,"V43 - La Vélo Francette / Voie verte de la Suisse normande, de Caen à Thury-Harcourt",27.3,0.73,64.2,Normandie,Calvados,"(48.988700183419795, -0.482578)",12.0,7.0,130.0,Bord de voie ferrée,55212,7178,110424,276,25,203,45672
189,"Pistes de la forêt de Compiègne, de Compiègne à Pierrefonds",27.5,0.73,63.28,Hauts-de-France,Oise,"(49.349458, 2.836146)",12.0,7.0,128.0,Bord de sentier,54421,7075,108842,272,24,200,45017
190,"V52 - Paris - Strasbourg, de Toul à Méréville / Voie verte du canal de la Marne au Rhin",27.8,0.72,73.08,Grand Est,Meurthe-et-Moselle,"(48.602306, 5.892032999999999)",12.0,7.0,137.0,Voie verte,62849,8170,125698,314,28,231,51989
191,"EV3 / V48 - Scandibérique / La Méridienne à vélo, de Châlette-sur-Loing à Châtillon-Coligny",27.8,0.72,68.82,Centre-Val de Loire,Loiret,"(47.822271173181875, 2.72184581286255)",12.0,7.0,135.0,Bord de rivière ou canal,59185,7694,118370,296,27,218,48958
192,"EV6 - de l'Atlantique à la Mer Noire / V51a : Tour de Bourgogne du sud, de Santenay à Chalon-sur-Saône",27.9,0.72,78.93,Bourgogne-Franche-Comté,Saône-et-Loire,"(46.776094, 4.693772)",12.0,7.0,144.0,Bord de rivière ou canal,67880,8824,135760,339,31,250,56151
193,La Voie Bressane / Louhans - Lons-le-Saunier,28.0,0.71,78.65,Bourgogne-Franche-Comté,Saône-et-Loire,"(46.62565, 5.24228)",12.0,8.0,145.0,Voie verte,67639,8793,135278,338,30,249,55951
194,"EV17 - Via Rhôna, de Jons à Lyon",28.1,0.71,84.73,Auvergne-Rhône-Alpes,Métropole de Lyon,"(45.74812800000001, 4.83333)",13.0,8.0,152.0,Bord de rivière ou canal,72868,9473,145736,364,33,268,60277
195,De Marseillan-Plage à Balaruc-le-Vieux - Partie nord du tour de l'étang de Thau,28.2,0.71,109.35,Occitanie,Hérault,"(43.319171, 3.530954)",16.0,9.0,178.0,Bord de voie ferrée,94041,12225,188082,470,42,346,77791
196,V65 - de Port-Grimaud à Fréjus / Parcours cyclable du littoral,28.5,0.7,115.82,Provence-Alpes-Côte d'Azur,Var,"(43.26725, 6.5733)",17.0,10.0,184.0,Voie verte,99605,12949,199210,498,45,366,82394
197,"EV3 / V52 - Scandibérique, de Claye-Souilly à Paris / Paris - Strasbourg / Voie Verte du Canal de l'Ourcq",28.6,0.7,63.3,Ile-de-France,Paris,"(48.85383999569388, 2.3443464781422216)",13.0,7.0,129.0,Bord de rivière ou canal,54438,7077,108876,272,24,200,45031
198,Véloroute du Pays de Bitche,28.7,0.7,71.86,Grand Est,Moselle,"(48.98696948940828, 7.35652582615069)",11.0,7.0,134.0,Voie verte,61800,8034,123600,309,28,227,51121
199,Voie Verte de la forêt de la Hardt,28.9,0.69,75.57,Grand Est,Haut-Rhin,"(47.652878999999984, 7.441809054973601)",12.0,7.0,141.0,Bord de sentier,64990,8449,129980,325,29,239,53760
200,"Voie Verte du Canal du Midi à Montségur, tronçon Moulin-Neuf à Bram",29.5,0.68,91.72,Occitanie,Ariège,"(43.077260882102586, 1.94825149642393)",14.0,8.0,164.0,Bord de voie ferrée,78879,10254,157758,394,35,290,65249
201,"V31 - Véloroute de la Forêt de Mormal, de Denain à Le Quesnoy",29.5,0.68,62.09,Hauts-de-France,Nord,"(50.250219, 3.385733)",12.0,7.0,126.0,Bord de route,53397,6942,106794,267,24,196,44170
202,"EV3 - Scandibérique / Voie Verte du canal du Loing, de Nemours à Châlette-sur-Loing",29.6,0.68,68.84,Centre-Val de Loire,Loiret,"(48.02707399999999, 2.688869)",12.0,7.0,134.0,Bord de rivière ou canal,59202,7696,118404,296,27,218,48972
203,"Voie Verte le Chemin vert, liaison entre voie Bleue (V50) et vallée du Doubs (EV6)",29.7,0.67,72.84,Bourgogne-Franche-Comté,Haute-Saône,"(47.439417999999975, 6.1534959050295805)",11.0,7.0,140.0,Ancienne ligne ferrovière,62642,8143,125284,313,28,230,51818
204,"EV6 - La Loire à Vélo, de La Charité-sur-Loire à Cuffy (pont de Guétin)",29.8,0.67,72.83,Centre-Val de Loire,Cher,"(46.94703199999999, 3.00836)",12.0,7.0,140.0,Bord de rivière ou canal,62634,8142,125268,313,28,230,51811
205,"EV15 - Voie Verte du canal du Rhône au Rhin, de Strasbourg à Friesenheim",29.9,0.67,74.03,Grand Est,Bas-Rhin,"(48.319261, 7.649841)",12.0,8.0,138.0,Bord de rivière ou canal,63666,8277,127332,318,29,234,52665
206,"V50 - La Voie Bleue, Moselle-Saône à vélo / Voie Verte Chemin de la Moselle, de Apach à Thionville",30.2,0.66,69.1,Grand Est,Moselle,"(49.353266999999995, 6.174994999999999)",12.0,7.0,133.0,Bord de sentier,59426,7725,118852,297,27,218,49158
207,"EV3 / V41 - EV3 : La Scandibérique / V41 : St-Jacques à vélo via Chartres, de Bordeaux à La Brède",30.2,0.66,81.66,Nouvelle-Aquitaine,Gironde,"(44.6808300848914, -0.618537)",14.0,8.0,151.0,Bord de route,70228,9130,140456,351,32,258,58093
208,Véloroute de l'Ill (sud),30.4,0.66,74.36,Grand Est,Haut-Rhin,"(47.46957299999998, 7.210009)",11.0,7.0,139.0,Voie verte,63950,8314,127900,320,29,235,52900
209,"V830 - La Rétro-Littorale, de Poussan à Montpellier",30.6,0.65,107.54,Occitanie,Hérault,"(43.46906604866399, 3.6730871601534743)",16.0,9.0,176.0,Ancienne ligne ferrovière,92484,12023,184968,462,42,340,76503
210,"EV3 - Scandibérique / EV6 : de l'Atlantique à la Mer Noire / La Loire à vélo, de Amboise à Tours",30.7,0.65,68.53,Centre-Val de Loire,Indre-et-Loire,"(47.370212, 0.688732)",13.0,7.0,136.0,Bord de route,58936,7662,117872,295,27,217,48752
211,"EV1 - La Vélodyssée, de Royan à Montalivet / Voie Verte du Littoral Atlantique",30.8,0.65,89.27,Nouvelle-Aquitaine,Gironde,"(45.37166185415559, -1.158356)",14.0,8.0,157.0,Bord de route,76772,9980,153544,384,35,282,63506
212,"V51a - Voie Verte de Bourgogne du sud en Val Lamartinien, de Cluny à Mâcon",31.0,0.65,79.59,Auvergne-Rhône-Alpes,Rhône,"(46.289898, 4.654413)",11.0,8.0,146.0,Bord de voie ferrée,68447,8898,136894,342,31,252,56620
213,V66 - La Rétro littorale de Sommières à Nîmes / Voie Verte de la Vaunage),31.1,0.64,105.73,Occitanie,Gard,"(43.766056, 4.09137158840307)",15.0,9.0,174.0,Bord de voie ferrée,90928,11821,181856,455,41,334,75216
214,"EV1 - Vélodyssée, de Marennes à La Tremblade / Voie verte de Ronce les Bains à La Tremblade",31.2,0.64,88.95,Nouvelle-Aquitaine,Charente-Maritime,"(45.697288131053824, -1.233796)",14.0,8.0,158.0,Bord de route,76497,9945,152994,382,34,281,63279
215,"V51a - Voie Verte de Bourgogne du sud, de Chalon-sur-Saône à St-Gengoux-le-National",31.3,0.64,78.64,Bourgogne-Franche-Comté,Saône-et-Loire,"(46.60664920156713, 4.668698737563429)",12.0,7.0,145.0,Ancienne ligne ferrovière,67630,8792,135260,338,30,249,55944
216,"EV19 - La Meuse à vélo / Voie Verte Trans-Ardennes, de Fumay à Monthermé",31.4,0.64,61.47,Grand Est,Ardennes,"(49.868747, 4.644014)",10.0,6.0,124.0,Bord de rivière ou canal,52864,6872,105728,264,24,194,43729
217,"EV3 - La Scandibérique / Voie Verte Coulée d'Oc, de Marthon à Angoulême",31.4,0.64,78.89,Nouvelle-Aquitaine,Charente,"(45.60998800000001, 0.151852)",13.0,8.0,147.0,Bord de voie ferrée,67845,8820,135690,339,31,249,56122
218,"EV19 - La Meuse à vélo / Voie Verte Trans-Ardennes, de Givet à Fumay",31.5,0.63,61.79,Grand Est,Ardennes,"(49.993984, 4.695561)",11.0,6.0,124.0,Bord de rivière ou canal,53139,6908,106278,266,24,195,43957
219,Véloroute Molsheim - Saverne,31.5,0.63,74.63,Grand Est,Bas-Rhin,"(48.539908, 7.360330000000001)",11.0,7.0,136.0,Bord de route,64182,8344,128364,321,29,236,53092
220,V111 - Véloroute du vignoble d'Alsace (variante),31.7,0.63,76.17,Grand Est,Haut-Rhin,"(48.06987199999999, 7.279435)",12.0,8.0,139.0,Bord de route,65506,8516,131012,328,29,241,54187
221,EV5 / V52 - Via Romea Francigena / V52,31.7,0.63,69.14,Grand Est,Moselle,"(48.691697, 7.033656)",12.0,7.0,136.0,Bord de rivière ou canal,59460,7730,118920,297,27,219,49186
222,V861 - Via Venaissia / Voie verte d'Orange à Velleron,31.8,0.63,112.7,Provence-Alpes-Côte d'Azur,Vaucluse,"(43.9607629588927, 4.836394516287026)",15.0,9.0,177.0,Bord de voie ferrée,96922,12600,193844,485,44,356,80174
223,Voie Verte Boucle de la Moselle tronçon 1,32.3,0.62,72.18,Grand Est,Meurthe-et-Moselle,"(48.63044384324959, 5.899095)",12.0,7.0,137.0,Bord de sentier,62075,8070,124150,310,28,228,51349
224,"V46 - V46 : Cœur de France à vélo / Canal de Berry, de Vierzon à Bourges",32.5,0.62,73.14,Centre-Val de Loire,Cher,"(47.07918800000001, 2.07262020189834)",13.0,7.0,140.0,Voie verte,62900,8177,125800,314,28,231,52031
225,"V16 - ""V16 : Avenue Verte London-Paris, Voie Verte du Pays de Bray, de Mesnières en Bray à Dieppe""",32.6,0.61,68.45,Normandie,Seine-Maritime,"(49.76067393549589, 1.081865980716059)",11.0,7.0,127.0,Bord de voie ferrée,58867,7653,117734,294,26,216,48695
226,"V50 - La Voie Bleue, Moselle-Saône à vélo, de Méréville à Charmes",32.7,0.61,71.88,Grand Est,Vosges,"(48.374159, 6.15389476349629)",11.0,7.0,138.0,Piste cyclable,61817,8036,123634,309,28,227,51135
227,"Véloroute Vallée du Tarn-Causses-Sud Cévennes (V85), de Montauban à Saint-Sulpice-la-Pointe / Voie Verte Bressols-Villemur-sur-Tarn-Bessières",32.8,0.61,88.38,Occitanie,Haute-Garonne,"(43.78272089601298, 1.3360400000000001)",14.0,8.0,159.0,Ancienne ligne ferrovière,76007,9881,152014,380,34,279,62873
228,"V70 - La Régordane, de Alès à Quissac",33.0,0.61,103.58,Occitanie,Gard,"(43.91273399999998, 4.000676)",15.0,9.0,170.0,Bord de rivière ou canal,89079,11580,178158,445,40,327,73687
229,"V50 - La Voie Bleue, Moselle-Saône à vélo, de Thionville à Metz",33.0,0.61,72.46,Grand Est,Moselle,"(49.12996999999999, 6.162292)",12.0,7.0,135.0,Bord de rivière ou canal,62316,8101,124632,312,28,229,51548
230,"EV1 - La Vélodyssée, de Parentis-en-Born à Mimizan",33.0,0.61,92.05,Nouvelle-Aquitaine,Landes,"(44.20424200856879, -1.2956250000000002)",15.0,8.0,160.0,Bord de sentier,79163,10291,158326,396,36,291,65484
231,"EV4 - La Vélomaritime, de Le Touquet-Paris-Plage à Boulogne-sur-Mer",33.2,0.6,72.78,Hauts-de-France,Pas-de-Calais,"(50.509558, 1.57258801664512)",12.0,7.0,135.0,Bord de route,62591,8137,125182,313,28,230,51776
232,"Voie Verte du canal de Bourgogne, de Dijon à Saint Jean de Losne",33.3,0.6,77.72,Bourgogne-Franche-Comté,Côte-d'Or,"(47.0996941754597, 5.003811)",12.0,7.0,143.0,Bord de rivière ou canal,66839,8689,133678,334,30,246,55290
233,"V46 - Coeur de France à vélo / Cher à vélo, de Tours à Chenonceaux",33.6,0.6,67.92,Centre-Val de Loire,Indre-et-Loire,"(47.32430099999999, 0.696132)",13.0,7.0,136.0,Bord de route,58411,7593,116822,292,26,215,48318
234,"EV17 - ViaRhôna, de Chanaz à Brégnier-Cordon",33.7,0.59,90.54,Auvergne-Rhône-Alpes,Ain,"(45.63393676668831, 5.64105539127911)",13.0,8.0,155.0,Voie verte,77864,10122,155728,389,35,286,64410
235,"V50 - La Voie Bleue, Moselle-Saône à vélo, de Metz à Pont-à-Mousson",33.7,0.59,73.08,Grand Est,Meurthe-et-Moselle,"(48.90827175145769, 6.02838)",11.0,7.0,136.0,Piste cyclable,62849,8170,125698,314,28,231,51989
236,"EV4 - La Vélomaritime, de St-Valéry-sur-Somme à Fort-Mahon / Tour de la Baie de Somme",33.9,0.59,70.0,Hauts-de-France,Somme,"(50.173463, 1.5536122931785559)",12.0,7.0,135.0,Bord de sentier,60200,7826,120400,301,27,221,49798
237,"EV6 - La Loire à Vélo, de Boulleret (Cosne-Cours-sur-Loire) à La Charité-sur-Loire",34.0,0.59,73.45,Centre-Val de Loire,Cher,"(47.174527, 2.859161)",12.0,7.0,140.0,Bord de route,63167,8212,126334,316,28,232,52252
238,"EV3 - Scandibérique / Voie Verte de l'Avesnois, de Maubeuge à Glageon",34.0,0.59,61.46,Hauts-de-France,Nord,"(50.05738199999999, 3.968092167212123)",11.0,6.0,126.0,Bord de voie ferrée,52856,6871,105712,264,24,194,43723
239,"V33 - La Seine à vélo / Voie Verte du canal de la Haute-Seine, de Nogent-sur-Seine à Méry-sur-Seine",34.2,0.58,69.1,Grand Est,Aube,"(48.495674, 3.49788)",12.0,7.0,134.0,Bord de rivière ou canal,59426,7725,118852,297,27,218,49158
240,Promenade des Berges de l'Orne,34.4,0.58,72.16,Grand Est,Meurthe-et-Moselle,"(49.1929520513717, 5.908684)",11.0,7.0,135.0,Bord de rivière ou canal,62058,8068,124116,310,28,228,51335
241,"EV15 - Véloroute du Rhin, de Drusenheim à Strasbourg",34.5,0.58,74.93,Grand Est,Bas-Rhin,"(48.573901000000006, 7.738244999999999)",12.0,8.0,137.0,Bord de route,64440,8377,128880,322,29,237,53305
242,Voie Verte de l'Armagnac,34.6,0.58,83.78,Occitanie,Gers,"(43.86319645329662, 0.10547840636205347)",14.0,8.0,156.0,Bord de voie ferrée,72051,9367,144102,360,32,265,59601
243,"V46 - Cœur de France à vélo / Canal de Berry, de Saint-Amand-Montrond à Magnette (Audes - Reugny)",34.7,0.58,75.6,Auvergne-Rhône-Alpes,Allier,"(46.462864, 2.489478)",12.0,7.0,144.0,Bord de rivière ou canal,65016,8452,130032,325,29,239,53782
244,D802 - Voie Verte de Mios à Hostens (D802),34.9,0.57,82.58,Nouvelle-Aquitaine,Gironde,"(44.476957, -0.967245)",14.0,8.0,156.0,Bord de voie ferrée,71019,9232,142038,355,32,261,58747
245,"EV8 - La Méditerranée à vélo, de Cannes à Nice / La Littorale",35.5,0.56,112.46,Provence-Alpes-Côte d'Azur,Alpes-Maritimes,"(43.536638450603306, 7.01648768251502)",17.0,9.0,178.0,Bord de route,96716,12573,193432,484,44,356,80004
246,"VD3 - St-Malo - Presqu'Île de Rhuys, de Ploërmel à Questembert",35.5,0.56,65.73,Bretagne,Morbihan,"(47.665539424177084, -2.45353247043407)",12.0,7.0,136.0,Ancienne ligne ferrovière,56528,7349,113056,283,25,208,46760
247,"EV6 - Véloroute du Doubs, de Ranchot à Besançon",35.6,0.56,77.74,Bourgogne-Franche-Comté,Jura,"(47.138904, 5.724287)",12.0,8.0,142.0,Bord de rivière ou canal,66856,8691,133712,334,30,246,55304
248,"Le Canal des deux mers à vélo (V80), de Bordeaux à Daignac",35.7,0.56,79.52,Nouvelle-Aquitaine,Gironde,"(44.770859, -0.5604299827918608)",14.0,8.0,151.0,Bord de voie ferrée,68387,8890,136774,342,31,251,56570
249,"EV1 - La Vélodyssée, de Lacanau-Océan à Lège-Cap-Ferret",36.1,0.55,89.26,Nouvelle-Aquitaine,Gironde,"(44.776266999999976, -1.230608)",15.0,8.0,163.0,Bord de sentier,76764,9979,153528,384,35,282,63500
250,"V52 - Paris - Strasbourg, de Einville-au-Jard à Gondrexange / Voie verte du canal de la Marne au Rhin",36.1,0.55,70.35,Grand Est,Meurthe-et-Moselle,"(48.657216000000005, 6.491852)",12.0,7.0,137.0,Piste cyclable,60501,7865,121002,303,27,222,50047
251,"V64 - Véloroute Trans'Alpes, de Veurey-Voroize à Séchilienne",36.7,0.54,83.17,Auvergne-Rhône-Alpes,Isère,"(45.04962379798208, 5.61981)",11.0,8.0,155.0,Bord de rivière ou canal,71526,9298,143052,358,32,263,59167
252,"V50 - La Voie Bleue, Moselle-Saône à vélo, de Fontenoy-le-Château à Jussey (Haute-Saône)",37.1,0.54,73.13,Bourgogne-Franche-Comté,Haute-Saône,"(47.824940121417306, 5.8989720000000005)",12.0,7.0,139.0,Voie verte,62892,8176,125784,314,28,231,52025
253,"V33 - La Seine à vélo / Voie verte de la Seine, de Méry-sur-Seine à Troyes",37.1,0.54,71.54,Grand Est,Aube,"(48.264798, 3.88860211127613)",12.0,7.0,137.0,Piste cyclable,61524,7998,123048,308,28,226,50893
254,"EV6 - Véloroute du Doubs, de Samerey à Ranchot",37.5,0.53,76.54,Bourgogne-Franche-Comté,Jura,"(47.055453, 5.356162)",12.0,7.0,143.0,Bord de rivière ou canal,65824,8557,131648,329,30,242,54450
255,Voie des Salines,38.0,0.53,77.13,Bourgogne-Franche-Comté,Jura,"(46.94587902471358, 5.726126)",12.0,8.0,142.0,Bord de route,66332,8623,132664,332,30,244,54870
256,"EV6 - de l'Atlantique à la Mer Noire, de Nevers à Champvert (Decize)",38.2,0.52,74.37,Bourgogne-Franche-Comté,Nièvre,"(46.809823, 3.181491)",12.0,7.0,141.0,Bord de rivière ou canal,63958,8315,127916,320,29,235,52906
257,Pistes de la Forêt de Rambouillet,38.3,0.52,63.92,Île-de-France,Yvelines,"(48.661964, 1.684213)",11.0,7.0,130.0,Bord de sentier,54971,7146,109942,275,25,202,45472
258,Voie Verte Hourtin - Lacanau,38.3,0.52,87.74,Nouvelle-Aquitaine,Gironde,"(44.978206, -1.167495)",14.0,8.0,157.0,Bord de voie ferrée,75456,9809,150912,377,34,277,62418
259,"EV4 - La Vélomaritime, de Fort-Mahon à Le Touquet-Paris-Plage",38.9,0.51,72.16,Hauts-de-France,Somme,"(50.3399227225205, 1.5668208194102302)",12.0,7.0,137.0,Bord de route,62058,8068,124116,310,28,228,51335
260,"EV4 - La Vélomaritime, de Le Tréport à St-Valéry-sur-Somme.",39.0,0.51,71.51,Normandie,Seine-Maritime,"(50.062097999999985, 1.37511)",12.0,7.0,132.0,Bord de route,61499,7995,122998,307,28,226,50872
261,"EV3 / V81 - Véloroute du Piémont Pyrénéen (V81) et La Scandibérique (EV3), de Urt à Escos",39.3,0.51,77.63,Nouvelle-Aquitaine,Pyrénées-Atlantiques,"(43.438861990189686, -1.293939)",14.0,8.0,152.0,Bord de rivière ou canal,66762,8679,133524,334,30,245,55226
262,"V34 - V34 : Véloroute du Canal des Ardennes / Voie verte Sud-Ardennes, de Semuy à Dom-le-Mesnil",39.7,0.5,63.6,Grand Est,Ardennes,"(49.4854241857397, 4.65251759269734)",12.0,7.0,131.0,Bord de route,54696,7110,109392,273,25,201,45245
263,"EV8 - La Méditerranée à vélo, de Beaucaire à Cavaillon",39.7,0.5,112.7,Occitanie,Gard,"(43.67127686818807, 4.43698987496089)",16.0,9.0,178.0,Voie verte,96922,12600,193844,485,44,356,80174
264,"VD3 - St-Malo - Presqu'Île de Rhuys, de St-Méen-le-Grand à Ploërmel",40.1,0.5,64.52,Bretagne,Morbihan,"(47.935104, -2.408527)",12.0,7.0,132.0,Voie verte,55487,7213,110974,277,25,204,45899
265,Voie Verte Le Lude - La Flèche - Baugé,40.7,0.49,66.36,Pays de la Loire,Maine-et-Loire,"(47.539687, -0.101849)",13.0,7.0,135.0,Bord de voie ferrée,57070,7419,114140,285,26,210,47209
266,"V53 - Entre Champagne et Bourgogne, de Chaumont à Langres",40.8,0.49,70.64,Grand Est,Haute-Marne,"(47.870462480706394, 5.153725)",11.0,7.0,138.0,Voie verte,60750,7898,121500,304,27,223,50253
267,"EV3 - Scandibérique, de Senlis à Claye-Souilly / Trans'Oise,  de Senlis à Ermenonville",41.0,0.49,65.44,Île-de-France,Seine-et-Marne,"(48.956453, 2.5919)",12.0,7.0,129.0,Bord de route,56278,7316,112556,281,25,207,46553
268,"EV6 - Véloroute du Doubs, de Besançon à Baume-les-Dames",41.8,0.48,73.45,Bourgogne-Franche-Comté,Doubs,"(47.225815, 6.030753)",12.0,8.0,142.0,Bord de rivière ou canal,63167,8212,126334,316,28,232,52252
269,"EV19 - La Meuse à vélo, de Dun-sur-Meuse à Verdun",42.3,0.47,68.19,Grand Est,Meuse,"(49.159445999999996, 5.16884)",11.0,7.0,133.0,Bord de route,58643,7624,117286,293,26,216,48510
270,Voie verte de la Bresse jurassienne,42.5,0.47,76.52,Bourgogne-Franche-Comté,Saône-et-Loire,"(46.67455465502621, 5.40707977702594)",12.0,8.0,145.0,Ancienne ligne ferrovière,65807,8555,131614,329,30,242,54436
271,"Véloroute du Canal d'Aire à La Bassée, de Aire-sur-la-Lys à Billy-Berclau",43.2,0.46,63.59,Hauts-de-France,Pas-de-Calais,"(50.496926309865195, 2.4134399988689306)",11.0,6.0,125.0,Voie verte,54687,7109,109374,273,25,201,45237
272,"V70 - La Régordane, de Sommières à Palavas-les-Flots",43.7,0.46,105.73,Occitanie,Hérault,"(43.531436, 3.8942589999999995)",16.0,9.0,175.0,Voie verte,90928,11821,181856,455,41,334,75216
273,Voie Verte d'Evreux à la vallée du Bec,43.9,0.46,65.11,Normandie,Eure,"(49.016255, 0.705601)",11.0,7.0,129.0,Bord de voie ferrée,55995,7279,111990,280,25,206,46319
274,V85 - de Le Vigan à Quissac,43.9,0.46,98.72,Occitanie,Gard,"(43.907837999999984, 3.6071210000000002)",12.0,9.0,168.0,Ancienne ligne ferrovière,84899,11037,169798,424,38,312,70229
275,"V56 - St-Jacques à vélo / Vélovoie des lacs de la forêt d'Orient, de St-Julien-les-Villas à Dienville",44.0,0.45,70.62,Grand Est,Aube,"(48.254733, 4.110515)",12.0,7.0,137.0,Bord de sentier,60733,7895,121466,304,27,223,50239
276,V65 - de  Toulon au Lavandou / Parcours cyclable du littoral,44.1,0.45,121.3,Provence-Alpes-Côte d'Azur,Var,"(43.07977, 5.929205)",17.0,10.0,189.0,Voie verte,104318,13561,208636,522,47,384,86292
277,"V52 - Voie verte de la Marne, de Dormans à Condé-sur-Marne",44.6,0.45,65.15,Grand Est,Marne,"(49.041447999999995, 3.636156721448523)",11.0,7.0,130.0,Bord de rivière ou canal,56029,7284,112058,280,25,206,46348
278,"V41 - V41 : St-Jacques à vélo via Chartres / Voie verte de la vallée de l'Eure, de Pacy-sur-Eure à Sainte-Gemme-Moronval",44.7,0.45,66.67,Centre-Val de Loire,Eure-et-Loir,"(48.737720999999986, 1.3414019999999998)",12.0,7.0,132.0,Bord de voie ferrée,57336,7454,114672,287,26,211,47429
279,"V34 - V34 : Véloroute du Canal des Ardennes / Voie verte Sud-Ardennes, de Berry-au-Bac à Rethel",44.9,0.45,67.88,Hauts-de-France,Aisne,"(49.39880500000001, 3.9047429999999994)",12.0,7.0,130.0,Voie verte,58377,7589,116754,292,26,215,48290
280,"V50 - La Voie Bleue, Moselle-Saône à vélo / Voie Verte du canal des Vosges, d'Épinal à Fontenoy-le-Château",45.9,0.44,73.45,Grand Est,Vosges,"(47.974776, 6.200345)",12.0,7.0,137.0,Bord de rivière ou canal,63167,8212,126334,316,28,232,52252
281,Voie verte la Traverse,46.6,0.43,82.01,Auvergne-Rhône-Alpes,Ain,"(46.17897245843408, 5.078905119416654)",13.0,8.0,150.0,Voie verte,70529,9169,141058,353,32,259,58342
282,"EV1 - La Vélodyssée, de Vieux-Boucau à Bayonne",46.8,0.43,85.62,Nouvelle-Aquitaine,Pyrénées-Atlantiques,"(43.488353999999994, -1.496653)",15.0,8.0,158.0,Bord de route,73633,9572,147266,368,33,271,60910
283,"V53 - Entre Champagne et Bourgogne, de Joinville à Chaumont",47.9,0.42,68.79,Grand Est,Haute-Marne,"(48.115927000000006, 5.11900330431673)",12.0,7.0,136.0,Voie verte,59159,7691,118318,296,27,217,48937
284,"V47 - V47 : Le Loir à vélo, de Château-du-Loir à La Flèche",49.8,0.4,67.89,Pays de la Loire,Maine-et-Loire,"(47.63068299999999, -0.075673)",13.0,7.0,134.0,Voie verte,58385,7590,116770,292,26,215,48296
285,"EV6 - de l'Atlantique à la Mer Noire / La Loire à vélo, de Orléans à Sully-sur-Loire",50.0,0.4,67.93,Centre-Val de Loire,Loiret,"(47.76710977751098, 1.920327)",12.0,7.0,133.0,Bord de route,58420,7595,116840,292,26,215,48325
286,"EV3 - La Scandibérique / V80 : Canal des deux mers à vélo, de Fontet à Vianne",50.6,0.4,84.4,Nouvelle-Aquitaine,Lot-et-Garonne,"(44.237052, -0.024784)",14.0,8.0,152.0,Bord de rivière ou canal,72584,9436,145168,363,33,267,60042
287,"EV1 - La Vélodyssée, de Montalivet à Lacanau-Océan",50.7,0.39,84.7,Nouvelle-Aquitaine,Gironde,"(45.003502, -1.182594)",14.0,8.0,158.0,Bord de route,72842,9469,145684,364,33,268,60255
288,"Le Canal des 2 mers à vélo (V80), de  Toulouse à Avignonet-Lauragais",51.2,0.39,88.04,Occitanie,Haute-Garonne,"(43.353991, 1.420273)",14.0,8.0,161.0,Bord de rivière ou canal,75714,9843,151428,379,34,278,62631
289,"EV1 - La Vélodyssée, de La Teste-de-Buch à Parentis-en-Born",51.5,0.39,91.13,Nouvelle-Aquitaine,Landes,"(44.346509, -1.249857)",15.0,8.0,162.0,Bord de sentier,78372,10188,156744,392,35,288,64830
290,"EV1 - Vélodyssée, de Bayonne à Hendaye / Véloroute du Littoral Atlantique en Pyrénées-Atlantiques",51.7,0.39,84.69,Pays basque autonome,Basse-Bidassoa,"(43.34261699999999, -1.788154)",15.0,8.0,154.0,Bord de route,72833,9468,145666,364,33,268,60248
291,"EV4 - La Vélomaritime, de Boulogne-sur-Mer à Calais",51.8,0.39,73.68,Hauts-de-France,Pas-de-Calais,"(50.723470999999996, 1.590014)",12.0,7.0,136.0,Voie verte,63365,8237,126730,317,29,233,52416
292,"EV8 / V80 - Méditerranée à vélo : Canal des deux mers à vélo, de Béziers à Sète",52.1,0.38,110.88,Occitanie,Hérault,"(43.28617699999999, 3.216484)",16.0,9.0,176.0,Bord de rivière ou canal,95357,12396,190714,477,43,351,78880
293,"EV17a - ViaRhôna, d'Arles à Port-Saint-Louis-du-Rhône",52.1,0.38,112.39,Provence-Alpes-Côte d'Azur,Bouches-du-Rhône,"(43.35304, 4.614663)",16.0,10.0,184.0,Voie verte,96655,12565,193310,483,43,355,79954
294,Véloroute de la vallée de la Sauer (de Lembach à Drusenheim),52.7,0.38,74.93,Grand Est,Bas-Rhin,"(48.888169999999995, 7.742193999999999)",12.0,7.0,136.0,Piste cyclable,64440,8377,128880,322,29,237,53305
295,Voie Verte des Hautes Vosges,52.9,0.38,70.71,Bourgogne-Franche-Comté,Haute-Saône,"(47.85349699999998, 6.603760000000001)",10.0,7.0,136.0,Bord de voie ferrée,60811,7905,121622,304,27,224,50303
296,VD3 - Voie Verte de Questembert à Mauron,53.2,0.38,64.82,Bretagne,Morbihan,"(47.687142, -2.441701)",12.0,7.0,134.0,Bord de voie ferrée,55745,7247,111490,279,25,205,46113
297,"V40b - Véloscénie, de Rambouillet à Massy (par Versailles)",53.2,0.38,63.61,Île-de-France,Yvelines,"(48.61907, 1.825297)",12.0,7.0,130.0,Voie verte,54705,7112,109410,274,25,201,45252
298,"EV6 - Voie Verte du Canal du Rhône au Rhin, de Montbéliard à Mulhouse",54.1,0.37,75.9,Bourgogne-Franche-Comté,Doubs,"(47.504599, 6.833829)",11.0,7.0,139.0,Bord de rivière ou canal,65274,8486,130548,326,29,240,53995
299,Voie Verte de la vallée de l'Ognon,54.5,0.37,72.52,Bourgogne-Franche-Comté,Haute-Saône,"(47.47822779214559, 6.234770311879713)",12.0,7.0,139.0,Ancienne ligne ferrovière,62367,8108,124734,312,28,229,51590
300,V473 - Voie Verte de Mimizan-Plage à Sabres,54.7,0.37,85.02,Nouvelle-Aquitaine,Landes,"(44.1479932104267, -1.283121)",15.0,8.0,160.0,Bord de voie ferrée,73117,9505,146234,366,33,269,60483
301,"V71 - La Véloire, de Paray-le-Monial à Roanne",57.5,0.35,77.45,Auvergne-Rhône-Alpes,Loire,"(46.033499999999975, 4.02742002469148)",12.0,8.0,149.0,Bord de rivière ou canal,66607,8659,133214,333,30,245,55098
302,"V51 - Tour de Bourgogne / Canal de Bourgogne, de Pouilly-en-A. à Dijon",58.2,0.34,77.71,Bourgogne-Franche-Comté,Côte-d'Or,"(47.166529, 4.554332)",11.0,7.0,144.0,Bord de rivière ou canal,66831,8688,133662,334,30,246,55283
303,"V63 - Vallée de l'Isère, de Grenoble à St-Marcellin",58.4,0.34,89.29,Auvergne-Rhône-Alpes,Isère,"(45.12555999999998, 5.329657)",13.0,9.0,161.0,Voie verte,76789,9983,153578,384,35,282,63520
304,"V51 - Tour de Bourgogne / Canal de Bourgogne, de Tonnerre à Montbard",58.7,0.34,70.66,Bourgogne-Franche-Comté,Yonne,"(47.620106, 3.975101)",12.0,7.0,137.0,Bord de rivière ou canal,60768,7900,121536,304,27,223,50268
305,"EV4 - La Vélomaritime, de Calais à Dunkerque",59.2,0.34,68.15,Hauts-de-France,Pas-de-Calais,"(50.94931519758389, 1.8505494739432202)",12.0,7.0,132.0,Bord de route,58609,7619,117218,293,26,215,48482
306,"EV6 - Voie Verte du canal du Rhône au Rhin, de Baume-les-Dames à Montbéliard",60.0,0.33,73.75,Bourgogne-Franche-Comté,Doubs,"(47.341175, 6.361702)",12.0,7.0,139.0,Bord de rivière ou canal,63425,8245,126850,317,29,233,52466
307,"V73 - Via Fluvia, d’Yssingeaux à Bourg-Argental",60.5,0.33,90.82,Auvergne-Rhône-Alpes,Haute-Loire,"(45.142134000000006, 4.109117026794755)",10.0,8.0,159.0,Bord de voie ferrée,78105,10154,156210,391,35,287,64609
308,"EV1 - La Vélodyssée, de Mimizan à Vieux-Boucau",60.6,0.33,88.07,Nouvelle-Aquitaine,Landes,"(43.786106, -1.395354)",15.0,8.0,158.0,Bord de sentier,75740,9846,151480,379,34,278,62653
309,"EV8 -EV17b - Méditerranée à Vélo / EV17b : ViaRhôna, de Sète à Aigues-Mortes",61.5,0.33,107.53,Occitanie,Hérault,"(43.40172899999998, 3.6971220000000002)",16.0,9.0,177.0,Piste cyclable,92476,12022,184952,462,42,340,76497
310,"EV17 - ViaRhôna, de Brégnier-Cordon à Lagnieu",62.6,0.32,90.24,Auvergne-Rhône-Alpes,Isère,"(45.63680999999998, 5.3472983923633235)",12.0,8.0,154.0,Voie verte,77606,10089,155212,388,35,285,64196
311,"EV17 - ViaRhôna, de Givors à St Vallier",62.7,0.32,90.83,Auvergne-Rhône-Alpes,Ardèche,"(45.184501999999995, 4.737478)",12.0,8.0,160.0,Voie verte,78114,10155,156228,391,35,287,64616
312,"V51 - Voie verte du Canal du Nivernais, de Clamecy à Auxerre",62.9,0.32,72.22,Bourgogne-Franche-Comté,Nièvre,"(47.459907, 3.510411)",12.0,7.0,137.0,Bord de rivière ou canal,62109,8074,124218,311,28,228,51377
313,"EV17 - ViaRhôna, de Valence à Montélimar",63.4,0.32,98.43,Auvergne-Rhône-Alpes,Drôme,"(44.554034, 4.705351)",15.0,9.0,169.0,Bord de route,84650,11004,169300,423,38,311,70023
314,"V62 - Combe de Savoie, d'Annecy à Albertville",63.9,0.31,85.28,Auvergne-Rhône-Alpes,Savoie,"(45.67619798898059, 6.129038469337125)",11.0,8.0,154.0,Bord de voie ferrée,73341,9534,146682,367,33,270,60668
315,Voie Verte de Bordeaux à Lacanau-Océan,68.4,0.29,80.43,Nouvelle-Aquitaine,Gironde,"(44.836909, -1.182594)",14.0,8.0,159.0,Bord de voie ferrée,69170,8992,138340,346,31,254,57218
316,V61 - Véloroute du Léman au Mont-Blanc : de Genève à Sallanches,68.9,0.29,89.88,Auvergne-Rhône-Alpes,Haute-Savoie,"(45.930746, 6.168443513234859)",10.0,8.0,156.0,Bord de rivière ou canal,77297,10049,154594,386,35,284,63941
317,"Le Canal des deux mers à vélo (V80), en Tarn-et-Garonne de Lamagistère à Pompignan",72.4,0.28,87.78,Occitanie,Gers,"(43.828196, 0.7006360000000001)",14.0,8.0,158.0,Bord de rivière ou canal,75491,9814,150982,377,34,278,62447
318,Véloroute Tour du Bassin d’Arcachon (EV1 Vélodyssée),72.5,0.28,87.16,Nouvelle-Aquitaine,Gironde,"(44.609218, -1.249077)",15.0,8.0,162.0,Bord de sentier,74958,9745,149916,375,34,276,62006
319,Véloroute du Lin,73.6,0.27,69.67,Normandie,Seine-Maritime,"(49.72944699999998, 0.3730609999999999)",12.0,7.0,137.0,Ancienne ligne ferrovière,59916,7789,119832,300,27,220,49563
320,Piste des forts,85.7,0.23,74.33,Grand Est,Bas-Rhin,"(48.491157, 7.659201)",12.0,7.0,137.0,Piste cyclable,63924,8310,127848,320,29,235,52878
