Voie_ID,Nom_x,Distance (km),% Couverture correspondant (200m),Groupes nature voie,Énergie produite annuelle (kWh / m2 de panneau),Production pour 860m2 de panneau (kWh),SolarScore,latlon,Département,Région,temp_mean_c,sunshine_duration_mean_hour,ghi_mean_W_m2,Revenus annuels revente Enedis €,nbre annuel de charges velos,Eclairage urbain en Nbre lapamdaires alimentés/an,Equivalent conso annuelle en nbr de personnes,nbre annuel charges un BlueBus,nbre annuel km/BlueBus _12m
0,Voie Verte du Chemin d’Encochebérot,1.6,12.5,Voie verte,87.74,75456,C,"(43.62109781579031, 1.09673702748082)",Gers,Occitanie,14.0,8.0,159.0,9809,150912,377,34,277,62418
1,Voie Verte du canal de Saint-Martory,2.1,9.52,Voie verte,86.51,74399,C,"(43.5323431084653, 1.32295597087284)",Haute-Garonne,Occitanie,14.0,8.0,159.0,9672,148798,372,33,274,61543
2,Voie Verte de la Masse Pont-du-Casse-Agen,2.3,8.7,Voie verte,85.03,73126,C,"(44.216304129821, 0.6480315531906747)",Lot-et-Garonne,Nouvelle-Aquitaine,14.0,8.0,155.0,9506,146252,366,33,269,60490
3,Voie Verte des trois ponts Castelnau d’Estrétefonds,3.2,6.25,Voie verte,87.45,75207,C,"(43.76616910015008, 1.35618301280646)",Haute-Garonne,Occitanie,14.0,8.0,159.0,9777,150414,376,34,276,62212
4,Voie Verte des Berges de l'Ill à Mulhouse,3.3,6.06,Bord de rivière ou canal,77.1,66306,D,"(47.773977, 7.34639)",Haut-Rhin,Grand Est,12.0,8.0,142.0,8620,132612,332,30,244,54849
5,Voie Verte Saint-Dizier à Chancenay,3.6,5.56,Bord de voie ferrée,69.41,59693,E,"(48.63964486420447, 4.954392093262309)",Haute-Marne,Grand Est,12.0,7.0,134.0,7760,119386,298,27,219,49378
6,Voie Verte de l'estuaire à Talais,3.8,5.26,Bord de rivière ou canal,83.47,71784,C,"(45.474673, -1.068573)",Gironde,Nouvelle-Aquitaine,14.0,8.0,158.0,9332,143568,359,32,264,59380
7,Voie Verte de Colayrac-Saint-Cirq à Brax,3.8,5.26,Voie verte,84.12,72343,C,"(44.193207932432, 0.5743997146827722)",Lot-et-Garonne,Nouvelle-Aquitaine,14.0,8.0,155.0,9405,144686,362,33,266,59843
8,Voie Verte des Berges de la Garonne Agen-Boé,3.9,5.13,Bord de sentier,84.43,72610,C,"(44.158682561772245, 0.6126095497202623)",Lot-et-Garonne,Nouvelle-Aquitaine,14.0,8.0,155.0,9439,145220,363,33,267,60063
9,VL x - Voies Lyonnaises,4.4,4.55,Voie verte,86.89,74725,C,"(45.712917318325495, 4.84705989660762)",Métropole de Lyon,Auvergne-Rhône-Alpes,13.0,8.0,152.0,9714,149450,374,34,275,61813
10,V86 - Voie Verte de Boisse-Penchot à Bouillac (La Vallée du Lot à vélo V86),4.6,4.35,Bord de rivière ou canal,85.63,73642,C,"(44.57034900913551, 2.1589576053132924)",Aveyron,Occitanie,13.0,8.0,156.0,9573,147284,368,33,271,60917
11,Voie Verte de la Chalouette,4.8,4.17,Bord de voie ferrée,66.09,56837,E,"(48.42693, 2.07541)",Essonne,Ile-de-France,12.0,7.0,132.0,7389,113674,284,26,209,47016
12,Voie Verte de la vallée du Lot Douelle-Mercuès,5.0,4.0,Bord de voie ferrée,85.64,73650,C,"(44.4798760681002, 1.35638702402979)",Lot,Occitanie,14.0,8.0,155.0,9574,147300,368,33,271,60924
13,D1215 - Voie Verte de Talais (D1215) à l'Océan,5.1,3.92,Piste cyclable,89.27,76772,C,"(45.458547, -1.135331)",Gironde,Nouvelle-Aquitaine,14.0,8.0,158.0,9980,153544,384,35,282,63506
14,"EV5-V32 - Via Romea Francigena / Véloroute Lille-Paris, de Angres à Lens",5.2,3.85,Bord de sentier,63.29,54429,E,"(50.40525899999999, 2.76848006758006)",Pas-de-Calais,Hauts-de-France,12.0,7.0,125.0,7076,108858,272,24,200,45024
15,Voie de Lexos,5.2,3.85,Bord de voie ferrée,87.17,74966,C,"(44.02196399999998, 1.324089)",Tarn-et-Garonne,Occitanie,14.0,8.0,158.0,9746,149932,375,34,276,62012
16,RD600 - Voie Verte Le Tacot (RD 600),5.8,3.45,Bord de route,88.4,76024,C,"(45.62873, 4.525369)",Rhône,Auvergne-Rhône-Alpes,11.0,8.0,155.0,9883,152048,380,34,280,62888
17,Voie Verte des Bois Francs,6.1,3.28,Bord de sentier,66.35,57061,E,"(48.716592, 0.832472)",Eure,Normandie,11.0,7.0,131.0,7418,114122,285,26,210,47201
18,Voie Verte de l’Ennemane,6.1,3.28,Voie verte,63.0,54180,E,"(49.608541, 4.954576)",Ardennes,Grand Est,11.0,6.0,128.0,7043,108360,271,24,199,44818
19,Voie Verte Boucle de la Moselle tronçon 2,6.1,3.28,Bord de sentier,72.77,62582,D,"(48.65889899999999, 5.892032999999999)",Meurthe-et-Moselle,Grand Est,12.0,7.0,136.0,8136,125164,313,28,230,51768
20,V86 - Voie Verte de Flagnac à Bouquiès (La Vallée du Lot à vélo V86),6.6,3.03,Bord de rivière ou canal,85.63,73642,C,"(44.581546, 2.228577)",Aveyron,Occitanie,13.0,8.0,156.0,9573,147284,368,33,271,60917
21,Voie Verte de Toulouse à Portet par les bords de la Garonne (V83),6.6,3.03,Bord de rivière ou canal,88.34,75972,C,"(43.54539276346439, 1.42625607139507)",Haute-Garonne,Occitanie,14.0,8.0,160.0,9876,151944,380,34,279,62844
22,EV3 - La Scandibérique  / V56,6.8,2.94,Ancienne ligne ferrovière,83.49,71801,C,"(44.440643, -0.292061)",Gironde,Nouvelle-Aquitaine,14.0,8.0,152.0,9334,143602,359,32,264,59394
23,EV1 - Voie Verte Le Chemin de la Baie à Hendaye (EV1 Vélodyssée),6.8,2.94,Voie verte,80.4,69144,D,"(43.34261699999999, -1.786174)",Basse-Bidassoa,Pays basque autonome,15.0,8.0,154.0,8989,138288,346,31,254,57196
24,V 3004 - Voie Verte de l'Espiguette,7.0,2.86,Voie verte,109.95,94557,B,"(43.487409, 4.138128)",Gard,Occitanie,16.0,9.0,178.0,12292,189114,473,43,348,78218
25,Voie Verte de Seignosse-Océan à Tosse,7.0,2.86,Bord de voie ferrée,86.85,74691,C,"(43.687478, -1.417751)",Landes,Nouvelle-Aquitaine,15.0,8.0,157.0,9710,149382,373,34,275,61785
26,Voie Verte de la vallée de la Bièvre,7.1,2.82,Bord de voie ferrée,69.14,59460,E,"(48.669861, 7.051851999999999)",Moselle,Grand Est,11.0,7.0,136.0,7730,118920,297,27,219,49186
27,Voie verte de la Leysse et des Planeurs,7.1,2.82,Voie verte,86.87,74708,C,"(45.552953, 5.933481)",Savoie,Auvergne-Rhône-Alpes,12.0,8.0,156.0,9712,149416,374,34,275,61799
28,Voie Verte de Saint-Julien-en-Born à Contis-Plage,7.3,2.74,Bord de sentier,89.61,77065,C,"(44.06753, -1.310163)",Landes,Nouvelle-Aquitaine,15.0,8.0,160.0,10018,154130,385,35,283,63749
29,Itinéraire des Berges de la Rosselle,7.3,2.74,Voie verte,71.56,61542,D,"(49.141146608703295, 6.811136000456683)",Moselle,Grand Est,12.0,7.0,134.0,8000,123084,308,28,226,50908
30,Voie Verte Sarreguemines-Bliesbruck,7.4,2.7,Bord de voie ferrée,70.64,60750,D,"(49.112816, 7.121241)",Moselle,Grand Est,11.0,7.0,135.0,7898,121500,304,27,223,50253
31,Voie Verte Boucle de la Moselle tronçon 3,7.5,2.67,Bord de sentier,72.18,62075,D,"(48.635404, 5.974178)",Meurthe-et-Moselle,Grand Est,11.0,7.0,137.0,8070,124150,310,28,228,51349
32,Liaison Bart - St-Julien-lès-Montbéliard,7.5,2.67,Bord de route,73.73,63408,D,"(47.4909002323203, 6.69509603274827)",Doubs,Bourgogne-Franche-Comté,11.0,7.0,139.0,8243,126816,317,29,233,52451
33,Véloroute-Voie Verte Jurançon-Gan,7.6,2.63,Bord de route,72.71,62531,D,"(43.21788547930983, -0.389961201258302)",Pyrénées-Atlantiques,Nouvelle-Aquitaine,14.0,8.0,148.0,8129,125062,313,28,230,51726
34,Piste Les Essarts-le-Roi à Senlisse,7.7,2.6,Bord de sentier,63.61,54705,E,"(48.684068, 1.884611)",Yvelines,Île-de-France,11.0,7.0,129.0,7112,109410,274,25,201,45252
35,Voie Verte Sarreguemines-Hambach,7.7,2.6,Bord de voie ferrée,72.78,62591,D,"(49.049563, 7.026953)",Moselle,Grand Est,11.0,7.0,135.0,8137,125182,313,28,230,51776
36,V75 - Véloroute Montluçon - Diou / Voie Verte de Dompierre-sur-Besbre à Diou,7.8,2.56,Voie verte,77.43,66590,D,"(46.519282, 3.684874)",Allier,Auvergne-Rhône-Alpes,12.0,8.0,145.0,8657,133180,333,30,245,55084
37,"V16 / V32 / V33 - V16 / V32 / V33 / Voie verte du canal de Saint-Denis, de St-Denis à La Villette",7.8,2.56,Bord de rivière ou canal,64.53,55496,E,"(48.882991, 2.346702)",Paris,Ile-de-Frane,12.0,7.0,128.0,7214,110992,277,25,204,45907
38,Voie Verte Cahors - Arcambal (V86/V87),8.3,2.41,Voie verte,86.24,74166,C,"(44.44703754596179, 1.4469291442436)",Lot,Occitanie,14.0,8.0,155.0,9642,148332,371,33,273,61351
39,Voie Verte de Vendays-Montalivet à Montalivet-les-Bains,8.3,2.41,Bord de sentier,89.28,76781,C,"(45.354773, -1.145218)",Gironde,Nouvelle-Aquitaine,14.0,8.0,157.0,9982,153562,384,35,282,63514
40,Piste cyclable Auch-Aubiet,8.3,2.41,Piste cyclable,85.3,73358,C,"(43.647942223527, 0.6310274259806897)",Gers,Occitanie,14.0,8.0,158.0,9537,146716,367,33,270,60682
41,Liaison Krautergersheim - Rosheim,8.4,2.38,Bord de route,73.12,62883,D,"(48.494625000000006, 7.478307)",Bas-Rhin,Grand Est,12.0,7.0,137.0,8175,125766,314,28,231,52017
42,Voie Verte de la vallée de l'Hers,8.4,2.38,Bord de sentier,88.97,76514,C,"(43.573124, 1.466841)",Haute-Garonne,Occitanie,14.0,8.0,160.0,9947,153028,383,34,281,63293
43,V32 - Lille - Paris / Trans'Oise de Therdonne à Hermes,8.6,2.33,Voie verte,64.51,55479,E,"(49.36792, 2.161544)",Oise,Hauts-de-France,12.0,7.0,128.0,7212,110958,277,25,204,45893
44,Liaison cyclable Belfort - Malsaucy,8.6,2.33,Bord de sentier,74.05,63683,D,"(47.628621999999986, 6.812392)",Territoire-de-Belfort,Bourgogne-Franche-Comté,11.0,7.0,139.0,8279,127366,318,29,234,52679
45,Voie Verte en Villeneuvois (V86),8.8,2.27,Bord de voie ferrée,85.63,73642,C,"(44.400717, 0.631209)",Lot-et-Garonne,Nouvelle-Aquitaine,14.0,8.0,155.0,9573,147284,368,33,271,60917
46,Voie Verte de Paladru,9.0,2.22,Voie verte,89.3,76798,C,"(45.42637, 5.513919)",Isère,Auvergne-Rhône-Alpes,11.0,8.0,156.0,9984,153596,384,35,282,63528
47,V830 - Voie Verte de Sète à Balaruc-le-Vieux,9.0,2.22,Bord de voie ferrée,109.35,94041,B,"(43.406893366815396, 3.68301694668896)",Hérault,Occitanie,16.0,9.0,177.0,12225,188082,470,42,346,77791
48,Voie Verte de la Haute Meurthe,9.1,2.2,Bord de voie ferrée,71.89,61825,D,"(48.17436669276569, 6.939822)",Vosges,Grand Est,11.0,7.0,136.0,8037,123650,309,28,227,51142
49,Voie Verte de Strasbourg à La Wantzenau,9.2,2.17,Bord de sentier,74.63,64182,D,"(48.59104299999999, 7.782273999999999)",Bas-Rhin,Grand Est,12.0,7.0,137.0,8344,128364,321,29,236,53092
50,"EV3 - Scandibérique / Trans'Oise, de Compiègne à Lacroix-St-Ouen",9.3,2.15,Voie verte,63.89,54945,E,"(49.352816, 2.765481)",Oise,Hauts-de-France,12.0,7.0,128.0,7143,109890,275,25,202,45451
51,"Piste cyclable de l'ARC, de la Clairière de l'Armistice à Compiègne",9.5,2.11,Bord de rivière ou canal,63.28,54421,E,"(49.418149, 2.823698)",Oise,Hauts-de-France,12.0,7.0,128.0,7075,108842,272,24,200,45017
52,Voie Verte des Kaolins,10.1,1.98,Ancienne ligne ferrovière,73.98,63623,D,"(47.711279, -3.47165)",Morbihan,Bretagne,13.0,8.0,141.0,8271,127246,318,29,234,52629
53,"EV6 - de l'Atlantique à la Mer Noire, de Cuffy (pont de Guétin) à Nevers",10.3,1.94,Bord de rivière ou canal,73.15,62909,D,"(46.94163799999999, 3.069423)",Nièvre,Bourgogne-Franche-Comté,12.0,7.0,140.0,8178,125818,315,28,231,52039
54,Piste du Vignac,10.3,1.94,Bord de voie ferrée,89.91,77323,C,"(44.001656, -1.250016)",Landes,Nouvelle-Aquitaine,15.0,8.0,159.0,10052,154646,387,35,284,63962
55,Voie Verte Itinéraire Airbus A380 tronçon de l'Isle-Jourdain,10.4,1.92,Bord de route,87.74,75456,C,"(43.61480529346401, 1.0659905330292)",Gers,Occitanie,14.0,8.0,159.0,9809,150912,377,34,277,62418
56,Voie Verte Portes Bonheur - Chemin des Carrières,10.4,1.92,Ancienne ligne ferrovière,73.12,62883,D,"(48.44770620047875, 7.420909087169719)",Bas-Rhin,Grand Est,11.0,7.0,135.0,8175,125766,314,28,231,52017
57,Véloroute - Voie Verte de l'Adour Maritime,10.5,1.9,Bord de rivière ou canal,80.41,69153,D,"(43.496445, -1.419377)",Pyrénées-Atlantiques,Nouvelle-Aquitaine,15.0,8.0,158.0,8990,138306,346,31,254,57204
58,Voies du Plan Vert de Chartres,10.5,1.9,Bord de rivière ou canal,66.09,56837,E,"(48.42531164780694, 1.4802579999999999)",Eure-et-Loir,Centre-Val de Loire,12.0,7.0,133.0,7389,113674,284,26,209,47016
59,"V50 / V52 - La Voie Bleue, Moselle-Saône à vélo, de Laneuveville-devant-Nancy à Méréville / Voie Verte Boucle de la Moselle - secteur Sud-Est",10.7,1.87,Piste cyclable,72.17,62066,D,"(48.601507000000005, 6.15381)",Meurthe-et-Moselle,Grand Est,12.0,7.0,137.0,8069,124132,310,28,228,51341
60,Véloroute-Voie Verte de la Vallée d’Ossau,10.9,1.83,Voie verte,70.9,60974,D,"(43.060079301039906, -0.45721005880948)",Pyrénées-Atlantiques,Nouvelle-Aquitaine,11.0,7.0,148.0,7927,121948,305,27,224,50438
61,V16 / V32 / V33 - de Colombes à St-Denis,11.0,1.82,Bord de route,65.14,56020,E,"(48.931927, 2.242219)",Hauts-de-Seine,Ile-de-France,12.0,7.0,129.0,7283,112040,280,25,206,46340
62,Voie Verte du Camin d'Adour,11.1,1.8,Bord de rivière ou canal,80.94,69608,C,"(43.20376400000001, 0.08193099999999999)",Hautes-Pyrénées,Occitanie,13.0,8.0,154.0,9049,139216,348,31,256,57580
63,"EV8 - La Vélittorale, de Le Barcarès à Canet-plage",11.4,1.75,Bord de route,107.2,92192,B,"(42.68893231328391, 3.0167592169936444)",Pyrénées-Orientales,Occitanie,17.0,9.0,178.0,11985,184384,461,41,339,76262
64,Voie Verte Petiville - Villequier,11.4,1.75,Bord de rivière ou canal,65.73,56528,E,"(49.43254, 0.201506191445589)",Calvados,Normandie,12.0,7.0,133.0,7349,113056,283,25,208,46760
65,Voie Verte de la Vallée de la Charentonne (Bernay - Broglie),11.5,1.74,Bord de voie ferrée,65.73,56528,E,"(49.00714, 0.53126)",Eure,Normandie,11.0,7.0,129.0,7349,113056,283,25,208,46760
66,Voie Verte du canal de Montech (Canal des 2 mers à vélo V80 et La Vagabonde V87),11.6,1.72,Bord de rivière ou canal,85.95,73917,C,"(43.95701531567729, 1.23593139740845)",Tarn-et-Garonne,Occitanie,14.0,8.0,158.0,9609,147834,370,33,272,61145
67,EV6 / V51 - Voie Verte de Bourbon-Lancy à Diou,11.8,1.69,Bord de voie ferrée,77.42,66581,D,"(46.53644800000001, 3.741445)",Allier,Auvergne-Rhône-Alpes,12.0,8.0,145.0,8656,133162,333,30,245,55076
68,"EV6 - de l'Atlantique à la Mer Noire / La Loire à vélo, de Savigny-en-Véron à Huismes",11.8,1.69,Bord de route,72.16,62058,D,"(47.20075126049119, 0.14414385851636707)",Indre-et-Loire,Centre-Val de Loire,13.0,7.0,138.0,8068,124116,310,28,228,51335
69,EV6 / V51 - Voie Verte Digoin - Paray-le-Monial,11.8,1.69,Bord de rivière ou canal,77.11,66315,D,"(46.455421, 3.978613)",Allier,Auvergne-Rhône-Alpes,12.0,7.0,145.0,8621,132630,332,30,244,54856
70,Piste cyclable La Barque - Trets,11.9,1.68,Bord de sentier,119.14,102460,A,"(43.449848, 5.542002)",Bouches-du-Rhône,Provence-Alpes-Côte d'Azur,14.0,10.0,187.0,13320,204920,512,46,377,84756
71,Voie Verte de Sainte-Livrade-sur-Lot à Le Temple-sur-Lot (V86),12.0,1.67,Bord de voie ferrée,85.63,73642,C,"(44.38069399999998, 0.5269848836495881)",Lot-et-Garonne,Nouvelle-Aquitaine,14.0,8.0,155.0,9573,147284,368,33,271,60917
72,La Littorale de Montredon-des-Corbières à Névian,12.2,1.64,Bord de route,103.89,89345,B,"(43.181458, 2.907409)",Aude,Occitanie,16.0,9.0,173.0,11615,178690,447,40,328,73907
73,Voie Verte de la Nive,12.4,1.61,Bord de sentier,86.53,74416,C,"(43.405827, -1.486566)",Pyrénées-Atlantiques,Nouvelle-Aquitaine,15.0,8.0,155.0,9674,148832,372,33,274,61557
74,Voie Verte du canal latéral à la Marne,12.5,1.6,Bord de rivière ou canal,70.33,60484,D,"(48.902392999999975, 4.309366)",Marne,Grand Est,12.0,7.0,135.0,7863,120968,302,27,222,50033
75,"EV5 - Via Romea Francigena / Voie Verte du Canal de la Sarre, de Grosbliederstroff à Sarreguemines",12.6,1.59,Bord de rivière ou canal,72.78,62591,D,"(49.099741, 7.027339)",Moselle,Grand Est,11.0,7.0,135.0,8137,125182,313,28,230,51776
76,La trace du Courlis,12.8,1.56,Bord de voie ferrée,73.74,63416,D,"(47.619229, 6.018754)",Haute-Saône,Bourgogne-Franche-Comté,12.0,7.0,140.0,8244,126832,317,29,233,52458
77,"EV3 - Scandibérique / Trans'Oise, de Abbécourt à Sempigny (Noyon)",13.1,1.53,Bord de rivière ou canal,63.57,54670,E,"(49.56176, 2.99098)",Oise,Hauts-de-France,12.0,6.0,127.0,7107,109340,273,25,201,45223
78,Trans’Oise de Frétoy-le-Château à Pont-l’Evêque,13.2,1.52,Bord de rivière ou canal,62.36,53630,E,"(49.56572, 2.939076)",Oise,Hauts-de-France,12.0,6.0,127.0,6972,107260,268,24,197,44363
79,Voie Verte des Hauts de Tardoire,13.3,1.5,Bord de voie ferrée,75.84,65222,D,"(45.651998, 0.870329)",Haute-Vienne,Nouvelle-Aquitaine,12.0,7.0,146.0,8479,130444,326,29,240,53952
80,Piste cyclable du tramway T3 (LEA),13.3,1.5,Bord de voie ferrée,84.73,72868,C,"(45.752477999999996, 4.861464000000001)",Métropole de Lyon,Auvergne-Rhône-Alpes,13.0,8.0,152.0,9473,145736,364,33,268,60277
81,V80 - Voie Verte Etauliers - Blaye,13.4,1.49,Bord de voie ferrée,78.91,67863,D,"(45.129228, -0.662554)",Gironde,Nouvelle-Aquitaine,14.0,8.0,148.0,8822,135726,339,31,249,56137
82,Voie Verte de Perpignan à Ste-Marie-la-Mer,13.5,1.48,Voie verte,107.2,92192,B,"(42.706376, 2.900195)",Pyrénées-Orientales,Occitanie,17.0,9.0,178.0,11985,184384,461,41,339,76262
83,Voie Verte Santenay - Nolay,13.6,1.47,Bord de voie ferrée,78.0,67080,D,"(46.900833, 4.598647)",Saône-et-Loire,Bourgogne-Franche-Comté,11.0,7.0,144.0,8720,134160,335,30,247,55489
84,V65 - de La Ciotat à Toulon / Parcours cyclable du littoral,13.6,1.47,Voie verte,121.3,104318,A,"(43.093381, 5.80835)",Var,Provence-Alpes-Côte d'Azur,17.0,10.0,190.0,13561,208636,522,47,384,86292
85,Piste cyclable Montpellier Carnon,13.7,1.46,Piste cyclable,107.22,92209,B,"(43.545467, 3.899705)",Hérault,Occitanie,16.0,9.0,175.0,11987,184418,461,41,339,76276
86,Voie Verte TCSP Massy- Christ de Saclay,13.7,1.46,Voie verte,65.46,56296,E,"(48.71028999999999, 2.13853)",Essonne,Ile-de-France,12.0,7.0,130.0,7318,112592,281,25,207,46568
87,Itinéraire Gilette - La Baronne,13.8,1.45,Voie verte,109.41,94093,B,"(43.71966, 7.179233)",Alpes-Maritimes,Provence-Alpes-Côte d'Azur,16.0,9.0,178.0,12232,188186,470,42,346,77834
88,Voie Verte de Molsheim à Wasselonne,14.0,1.43,Bord de voie ferrée,74.33,63924,D,"(48.568833999999995, 7.403235)",Bas-Rhin,Grand Est,11.0,7.0,138.0,8310,127848,320,29,235,52878
89,Voie Verte du Beaujolais,14.0,1.43,Bord de voie ferrée,83.23,71578,C,"(46.110589, 4.59655)",Rhône,Auvergne-Rhône-Alpes,12.0,8.0,150.0,9305,143156,358,32,263,59210
90,"EV5 - Via Romea Francigena / Voie Verte de la Lys, de Aire-sur-la-Lys à St-Venant",14.2,1.41,Bord de rivière ou canal,62.68,53905,E,"(50.62540635353338, 2.4060796933008057)",Pas-de-Calais,Hauts-de-France,12.0,7.0,125.0,7008,107810,270,24,198,44591
91,"EV3 - Scandibérique / Voie Verte Galope Chopine, de Reignac à Chevanceaux",14.4,1.39,Bord de voie ferrée,79.81,68637,D,"(45.31106400000001, -0.254041924801428)",Charente-Maritime,Nouvelle-Aquitaine,13.0,8.0,148.0,8923,137274,343,31,252,56777
92,"V43 - La Loire à vélo / VéloFrancette, de Bouchemaine à la Daguenière",14.8,1.35,Bord de route,68.79,59159,E,"(47.417530999999975, -0.61036)",Maine-et-Loire,Pays de la Loire,13.0,7.0,135.0,7691,118318,296,27,217,48937
93,V31 / IC42 - Véloroute du Val d'Argent,14.8,1.35,Bord de route,75.25,64715,D,"(48.254141, 7.204837)",Haut-Rhin,Grand Est,11.0,8.0,138.0,8413,129430,324,29,238,53533
94,Piste des plages Bayonne-Anglet (EV1 Vélodyssée),15.1,1.32,Bord de route,86.53,74416,C,"(43.473032999999994, -1.566724)",Pyrénées-Atlantiques,Nouvelle-Aquitaine,15.0,8.0,158.0,9674,148832,372,33,274,61557
95,"V30 - Voie Verte du canal de la Somme, de St-Valéry/Somme à Abbeville",15.2,1.32,Bord de rivière ou canal,69.08,59409,E,"(50.103460999999996, 1.650867)",Somme,Hauts-de-France,12.0,7.0,132.0,7723,118818,297,27,218,49143
96,Voie Verte de Lembach à Durrenbach,15.4,1.3,Bord de voie ferrée,73.41,63133,D,"(48.90004799999999, 7.742193999999999)",Bas-Rhin,Grand Est,12.0,7.0,136.0,8207,126266,316,28,232,52224
97,"EV5 - Via Romea Francigena / Voie Verte du Canal de la Sarre, de Mittersheim à Gondrexange",15.5,1.29,Bord de rivière ou canal,71.86,61800,D,"(48.69911099999999, 6.909569)",Moselle,Grand Est,11.0,7.0,136.0,8034,123600,309,28,227,51121
98,Voie Verte de la vallée de l'Amezule,15.7,1.27,Bord de voie ferrée,72.18,62075,D,"(48.738005999999984, 6.182283361008255)",Meurthe-et-Moselle,Grand Est,12.0,7.0,136.0,8070,124150,310,28,228,51349
99,Voie Verte de Perpignan à Thuir,15.7,1.27,Bord de voie ferrée,105.67,90876,B,"(42.621595, 2.756597)",Pyrénées-Orientales,Occitanie,16.0,9.0,176.0,11814,181752,454,41,334,75173
100,"EV5 - Via Romea Francigena, de Guebwiller à Cernay / Véloroute du vignoble d'Alsace",15.9,1.26,Bord de route,77.71,66831,D,"(47.805267, 7.172035999999999)",Haut-Rhin,Grand Est,12.0,8.0,142.0,8688,133662,334,30,246,55283
101,"EV15 - Véloroute du Rhin, de Lauterbourg à Seltz",15.9,1.26,Bord de route,73.09,62857,D,"(48.888166217762105, 8.129899)",Bas-Rhin,Grand Est,12.0,7.0,135.0,8171,125714,314,28,231,51996
102,Voie verte de la vallée du Rabodeau,15.9,1.26,Ancienne ligne ferrovière,67.64,58170,E,"(48.36439741146428, 6.865121040717475)",Vosges,Grand Est,12.0,7.0,136.0,7562,116340,291,26,214,48119
103,"EV6 - Voie Verte du canal du Rhône au Rhin, de Mulhouse à Niffer",16.2,1.23,Bord de rivière ou canal,75.57,64990,D,"(47.709292, 7.358128)",Haut-Rhin,Grand Est,11.0,8.0,141.0,8449,129980,325,29,239,53760
104,"V81 - Véloroute du Piémont Pyrénéen, de Bayonne à Urt",16.4,1.22,Bord de sentier,80.41,69153,D,"(43.483582730700114, -1.4652639691135145)",Pyrénées-Atlantiques,Nouvelle-Aquitaine,15.0,8.0,158.0,8990,138306,346,31,254,57204
105,"EV3 / V41 - EV3 : la Scandibérique / V41 : St-Jacques à vélo via Chartres, de Hostens à St-Symphorien",16.5,1.21,Ancienne ligne ferrovière,82.88,71277,C,"(44.42868671908339, -0.655152)",Landes,Nouvelle-Aquitaine,14.0,8.0,152.0,9266,142554,356,32,262,58961
106,"V43 - La Vélo Francette, de Ouistreham à Caen / Voie Verte Caen - Ouistreham",16.5,1.21,Bord de rivière ou canal,72.77,62582,D,"(49.178182702756104, -0.35327003869016155)",Calvados,Normandie,12.0,7.0,132.0,8136,125164,313,28,230,51768
107,"V409 - La Régalante, de Teillay à Chateaubriant / Voie Verte de Châteaubriant à Rougé",16.6,1.2,Bord de voie ferrée,63.89,54945,E,"(47.70854199999999, -1.47261213714847)",Loire-Atlantique,Pays de la Loire,12.0,7.0,133.0,7143,109890,275,25,202,45451
108,"V40 - la Véloscénie, de Massy à Paris / Coulée verte du sud parisien",16.6,1.2,Bord de sentier,64.84,55762,E,"(48.738059, 2.272671)",Essonne,Ile-de-France,12.0,7.0,129.0,7249,111524,279,25,205,46127
109,"Voie verte du Pays de l'Or, le long du canal Ph. Lamour",16.8,1.19,Bord de rivière ou canal,108.45,93267,B,"(43.5785818334414, 3.9425763235232605)",Hérault,Occitanie,16.0,9.0,175.0,12125,186534,466,42,343,77151
110,"EV5 - Via Romea Francigena, de Cernay à Ensisheim / Voie Verte Les Rives de la Thur",16.9,1.18,Bord de sentier,77.71,66831,D,"(47.804832, 7.172503)",Haut-Rhin,Grand Est,12.0,8.0,142.0,8688,133662,334,30,246,55283
111,"EV3 - La Scandibérique / Voie Verte Mios - Bazas, de St-Symphorien à Le Nizan",17.0,1.18,Ancienne ligne ferrovière,81.65,70219,C,"(44.42866399999998, -0.482279)",Gironde,Nouvelle-Aquitaine,14.0,8.0,152.0,9128,140438,351,32,258,58086
112,Voie Verte des Deux Sarres,17.1,1.17,Bord de voie ferrée,71.58,61559,D,"(48.63430899999998, 7.008046000000001)",Moselle,Grand Est,12.0,7.0,135.0,8003,123118,308,28,226,50922
113,"EV4 - La Vélomaritime, de Dunkerque à Bray-Dunes",17.6,1.14,Bord de route,67.54,58084,E,"(50.969568999999986, 2.37129)",Nord,Hauts-de-France,12.0,7.0,130.0,7551,116168,290,26,214,48047
114,"EV5 - Via Romea Francigena, de Parc d'Olhain (Maisnil-lès-Ruitz) à Angres (intersection V32)",17.7,1.13,Voie verte,63.59,54687,E,"(50.39761699999998, 2.5825599999999995)",Pas-de-Calais,Hauts-de-France,11.0,7.0,125.0,7109,109374,273,25,201,45237
115,"EV17a - ViaRhôna, de Beaucaire à Arles",17.9,1.12,Voie verte,109.97,94574,B,"(43.678091999999985, 4.606740585031841)",Bouches-du-Rhône,Provence-Alpes-Côte d'Azur,16.0,9.0,179.0,12295,189148,473,43,348,78232
116,"EV5 - Via Romea Francigena, de Ensisheim à Mulhouse",18.2,1.1,Bord de route,77.71,66831,D,"(47.751104, 7.340672)",Haut-Rhin,Grand Est,12.0,8.0,142.0,8688,133662,334,30,246,55283
117,Coulée verte du canal (de Belfort à Montbéliard),18.2,1.1,Bord de rivière ou canal,72.51,62359,D,"(47.522393, 6.795272)",Doubs,Bourgogne-Franche-Comté,11.0,7.0,139.0,8107,124718,312,28,229,51584
118,EV6 - de l'Atlantique à la Mer Noire / Loire à vélo / Voie Verte de Villandry à Tours,18.3,1.09,Bord de rivière ou canal,69.73,59968,E,"(47.343395, 0.510339)",Indre-et-Loire,Centre-Val de Loire,13.0,7.0,136.0,7796,119936,300,27,220,49606
119,Voie Verte du Pays de Valois,18.5,1.08,Ancienne ligne ferrovière,63.9,54954,E,"(49.12702799999999, 2.8659494174199804)",Oise,Hauts-de-France,12.0,6.0,129.0,7144,109908,275,25,202,45458
120,"EV8 / V80 - EV8 La Méditerranée à vélo, de Narbonne à Mirepeisset",18.6,1.08,Bord de route,102.05,87763,B,"(43.183583, 2.9222139044424082)",Aude,Occitanie,16.0,9.0,173.0,11409,175526,439,39,323,72598
121,Piste verte en Sumène-Artense,18.7,1.07,Bord de voie ferrée,81.42,70021,C,"(45.31049999999999, 2.392499)",Cantal,Auvergne-Rhône-Alpes,12.0,7.0,149.0,9103,140042,350,31,257,57922
122,"Piste de la Largue, de Dannemarie à Pfetterhouse",18.8,1.06,Bord de voie ferrée,72.84,62642,D,"(47.501759, 7.112011)",Territoire-de-Belfort,Bourgogne-Franche-Comté,11.0,7.0,139.0,8143,125284,313,28,230,51818
123,Voie Verte des Gaves,19.1,1.05,Bord de voie ferrée,75.47,64904,D,"(42.961218, -0.097906)",Hautes-Pyrénées,Occitanie,9.0,8.0,157.0,8438,129808,325,29,239,53689
124,"V16 - Avenue Verte London-Paris / Voie Verte de la Vallée de l'Epte, de Gisors à Bray-et-Lû",19.2,1.04,Bord de voie ferrée,64.51,55479,E,"(49.13866031604971, 1.651777)",Val-d'Oise,Normandie,12.0,7.0,129.0,7212,110958,277,25,204,45893
125,EV6 - Véloroute des Fleuves / Voie Verte de Diou à Digoin,19.3,1.04,Bord de rivière ou canal,77.42,66581,D,"(46.470867999999996, 3.761139)",Allier,Auvergne-Rhône-Alpes,12.0,8.0,145.0,8656,133162,333,30,245,55076
126,"V32 - Véloroute du Nord / Voie Verte de la Lys, de Dêulémont à Halluin",19.4,1.03,Bord de rivière ou canal,63.59,54687,E,"(50.724975, 2.939562)",Nord,Hauts-de-France,12.0,7.0,124.0,7109,109374,273,25,201,45237
127,"V50 - La Voie Bleue, Moselle-Saône à vélo, de Pompey à Laneuveville-devant-Nancy / Voie Verte Boucle de la Moselle - secteur Est",19.6,1.02,Bord de rivière ou canal,72.18,62075,D,"(48.65949799999999, 6.136406)",Meurthe-et-Moselle,Grand Est,11.0,7.0,136.0,8070,124150,310,28,228,51349
128,Voie Verte de la vallée de la Doller,19.7,1.02,Bord de voie ferrée,74.66,64208,D,"(47.741040999999996, 6.9175189999999995)",Territoire-de-Belfort,Bourgogne-Franche-Comté,10.0,7.0,140.0,8347,128416,321,29,236,53113
129,EV3 - Scandibérique / Trans'Oise de Lacroix-St-Ouen à Pont-Ste-Maxence,19.8,1.01,Voie verte,64.51,55479,E,"(49.30168599999999, 2.612144)",Oise,Hauts-de-France,12.0,7.0,128.0,7212,110958,277,25,204,45893
130,"V45 - La Littorale, de Vannes à St-Armel",19.9,1.01,Bord de route,74.61,64165,D,"(47.573392, -2.764273988512158)",Morbihan,Bretagne,13.0,8.0,145.0,8341,128330,321,29,236,53078
131,"EV1 - La Vélodyssée, de Biganos à La Teste-de-Buch",20.0,1.0,Bord de sentier,92.04,79154,C,"(44.609225366446395, -1.1566965960442)",Gironde,Nouvelle-Aquitaine,14.0,8.0,162.0,10290,158308,396,36,291,65477
132,Voie verte Trans-Semoysienne,20.3,0.99,Bord de rivière ou canal,61.77,53122,E,"(49.8562127607527, 4.741597056353971)",Ardennes,Grand Est,11.0,6.0,124.0,6906,106244,266,24,195,43943
133,"V833 - Axe Littoral, de Mandirac à Saint-Pierre-la-Mer",20.4,0.98,Bord de sentier,107.54,92484,B,"(43.111121, 3.0320980000000004)",Aude,Occitanie,16.0,9.0,176.0,12023,184968,462,42,340,76503
134,Voie Verte départementale Dainville - Saulty (Véloroute de la Mémoire),20.5,0.98,Bord de voie ferrée,63.59,54687,E,"(50.209229, 2.550529)",Pas-de-Calais,Hauts-de-France,11.0,6.0,125.0,7109,109374,273,25,201,45237
135,"EV5 - Via Romea Francigena, de Béthune à Parc d'Olhain (Maisnil-lès-Ruitz)",20.6,0.97,Bord de route,61.76,53114,E,"(50.44143599999998, 2.544466)",Pas-de-Calais,Hauts-de-France,12.0,6.0,125.0,6905,106228,266,24,195,43936
136,Voie Verte Le Chemin du train,20.7,0.97,Bord de voie ferrée,73.13,62892,D,"(46.91374407738829, 6.34625618564228)",Doubs,Bourgogne-Franche-Comté,10.0,7.0,141.0,8176,125784,314,28,231,52025
137,"EV5 - Via Romea Francigena / Voie Verte du Canal de la Sarre, de Sarralbe à Mittersheim",20.7,0.97,Bord de rivière ou canal,72.77,62582,D,"(48.86482995577035, 6.935468610442957)",Moselle,Grand Est,11.0,7.0,136.0,8136,125164,313,28,230,51768
138,Itinéraire du Chemin des Romains,20.8,0.96,Bord de route,72.78,62591,D,"(49.10983598272866, 6.83362304457473)",Moselle,Grand Est,11.0,7.0,135.0,8137,125182,313,28,230,51776
139,Voie douce de la Payre,21.3,0.94,Bord de voie ferrée,98.43,84650,B,"(44.694214, 4.576964)",Ardèche,Auvergne-Rhône-Alpes,11.0,9.0,165.0,11004,169300,423,38,311,70023
140,Liaison intercommunale Molsheim - Altdorf - Duppigheim- Entzheil - Lingolsheim - Strasbourg,21.3,0.94,Voie verte,74.03,63666,D,"(48.52486944878877, 7.4988060237476635)",Bas-Rhin,Grand Est,12.0,7.0,138.0,8277,127332,318,29,234,52665
141,"V50 - La Voie Bleue, Moselle-Saône à vélo, de Pont-à-Mousson à Pompey (Nancy)",21.5,0.93,Piste cyclable,72.48,62333,D,"(48.779211999999994, 6.051226248576977)",Meurthe-et-Moselle,Grand Est,11.0,7.0,136.0,8103,124666,312,28,229,51562
142,Voie Verte Itinéraire Airbus A380 en Haute-Garonne,21.5,0.93,Bord de route,86.83,74674,C,"(43.636924213279094, 1.15129459394361)",Haute-Garonne,Occitanie,14.0,8.0,159.0,9708,149348,373,34,275,61771
143,"V16a - Avenue Verte London - Paris, de Therdonne à Clermont",21.6,0.93,Bord de route,64.21,55221,E,"(49.376242785960386, 2.161852)",Oise,Hauts-de-France,12.0,7.0,128.0,7179,110442,276,25,203,45679
144,La Vigne à Vélo,22.1,0.9,Voie verte,113.07,97240,A,"(43.45665722166526, 6.419968645834898)",Var,Provence-Alpes-Côte d'Azur,16.0,9.0,181.0,12641,194480,486,44,358,80438
145,"EV5 - Via Romea Francigena / Voie Verte du canal de la Sarre, de Sarreguemines à Sarralbe",22.2,0.9,Bord de rivière ou canal,73.39,63115,D,"(49.002990165237, 7.030105921310613)",Moselle,Grand Est,11.0,7.0,135.0,8205,126230,316,28,232,52209
146,"V51a - Voie Verte de Bourgogne du sud, de St-Gengoux-le-National à Cluny",22.3,0.9,Ancienne ligne ferrovière,78.36,67390,D,"(46.424835, 4.66611)",Saône-et-Loire,Bourgogne-Franche-Comté,12.0,7.0,144.0,8761,134780,337,30,248,55745
147,"EV15 - Véloroute du Rhin, de Seltz à Drusenheim",22.3,0.9,Bord de route,74.02,63657,D,"(48.757226999999986, 7.952501815421089)",Bas-Rhin,Grand Est,12.0,8.0,136.0,8275,127314,318,29,234,52657
148,"V52 - Paris - Strasbourg, de Nancy à Einville-au-Jard / Voie verte du canal de la Marne au Rhin",22.4,0.89,Voie verte,73.09,62857,D,"(48.628468347035785, 6.232509097687702)",Meurthe-et-Moselle,Grand Est,12.0,7.0,137.0,8171,125714,314,28,231,51996
149,Avenue Verte de Tarentaise,22.4,0.89,Bord de sentier,87.12,74923,C,"(45.511305, 6.565159)",Savoie,Auvergne-Rhône-Alpes,11.0,8.0,157.0,9740,149846,375,34,275,61977
150,Voie Verte Lacanau - Arès,22.5,0.89,Bord de voie ferrée,89.26,76764,C,"(44.779506, -1.136632)",Gironde,Nouvelle-Aquitaine,14.0,8.0,156.0,9979,153528,384,35,282,63500
151,"EV5 / V52 - Via Romea Francigena : Paris - Strasbourg / Voie Verte du canal de la Marne au Rhin, de Saverne à Waltenheim-sur-Zorn",22.5,0.89,Bord de rivière ou canal,74.62,64173,D,"(48.739893, 7.361339)",Bas-Rhin,Grand Est,11.0,7.0,137.0,8342,128346,321,29,236,53084
152,"EV1 - La Vélodyssée, de Lège-Cap-Ferret à Biganos",22.8,0.88,Bord de sentier,86.54,74424,C,"(44.63826287190792, -1.143329)",Gironde,Nouvelle-Aquitaine,15.0,8.0,162.0,9675,148848,372,33,274,61564
153,"EV5-V32 - Via Romea Francigena / Véloroute Lille - Paris, de Lens à Don",23.0,0.87,Bord de rivière ou canal,62.99,54171,E,"(50.4213231427521, 2.7890669746593004)",Pas-de-Calais,Hauts-de-France,12.0,7.0,124.0,7042,108342,271,24,199,44811
154,"V43 - La Vélo Francette / Voie verte de la Suisse normande, de Thury-Harcourt à Pont-d'Ouilly",23.2,0.86,Voie verte,63.29,54429,E,"(48.873849733175504, -0.510786)",Calvados,Normandie,11.0,6.0,129.0,7076,108858,272,24,200,45024
155,"V16 - Avenue Verte London-Paris, Voie Verte du Pays de Bray, de Forges-les-Eaux à Mesnières en Bray",23.2,0.86,Bord de voie ferrée,62.34,53612,E,"(49.608211999999995, 1.3796611074728766)",Seine-Maritime,Normandie,11.0,6.0,127.0,6970,107224,268,24,197,44348
156,V91 - Promenade Périgord - Quercy,23.3,0.86,Bord de voie ferrée,81.07,69720,C,"(44.827643529013976, 1.231657)",Dordogne,Nouvelle-Aquitaine,14.0,8.0,152.0,9064,139440,349,31,256,57673
157,"EV19 - La Meuse à vélo / Voie Verte Trans-Ardennes, de Monthermé à Charleville-Mézières",23.3,0.86,Bord de rivière ou canal,61.77,53122,E,"(49.758307, 4.7238370000000005)",Ardennes,Grand Est,11.0,7.0,127.0,6906,106244,266,24,195,43943
158,V 3003 - Voie verte du Pont-du-Gard,23.3,0.86,Voie verte,107.23,92218,B,"(43.91265700000001, 4.40331537332972)",Gard,Occitanie,15.0,9.0,174.0,11988,184436,461,41,339,76283
159,"EV5 - Via Romea Francigena, de Calais à Ardres",23.5,0.85,Voie verte,69.07,59400,E,"(50.85054836224369, 1.8546870504537603)",Pas-de-Calais,Hauts-de-France,12.0,7.0,130.0,7722,118800,297,27,218,49136
160,La FrancoVéloSuisse,23.6,0.85,Voie verte,72.22,62109,D,"(47.50106, 6.859455)",Doubs,Bourgogne-Franche-Comté,11.0,7.0,139.0,8074,124218,311,28,228,51377
161,"EV1 - Vélodyssée, de La Trembalde à Royan / Voie Verte de La Tremblade à Saint-Palais-sur-Mer",24.2,0.83,Bord de route,89.56,77022,C,"(45.617568, -1.2307845781479803)",Charente-Maritime,Nouvelle-Aquitaine,14.0,8.0,160.0,10013,154044,385,35,283,63713
162,Voie Verte de Cuise-la-Motte à Soissons,24.2,0.83,Bord de voie ferrée,64.82,55745,E,"(49.3640142797837, 3.00041)",Oise,Hauts-de-France,12.0,6.0,128.0,7247,111490,279,25,205,46113
163,Voie Verte Lo Camin de Hé,24.2,0.83,Bord de voie ferrée,87.77,75482,C,"(43.867587, -1.309854)",Landes,Nouvelle-Aquitaine,15.0,8.0,160.0,9813,150964,377,34,278,62439
164,"V56 - St-Jacques à vélo via Vézelay / Voie Verte des Berges de l'Isle, de Bassillac à Marsac-sur-l'Isle",24.3,0.82,Bord de sentier,79.25,68155,D,"(45.174799, 0.6106)",Dordogne,Nouvelle-Aquitaine,14.0,8.0,149.0,8860,136310,341,31,251,56378
165,"EV4 - La Vélomaritime, de Honfleur au Havre",24.4,0.82,Bord de route,71.53,61516,D,"(49.417582930517, 0.096297803020272)",Calvados,Normandie,13.0,7.0,136.0,7997,123032,308,28,226,50886
166,Voie verte la Traverse,24.6,0.81,Ancienne ligne ferrovière,81.71,70271,C,"(46.262109382277, 5.078905119416654)",Ain,Auvergne-Rhône-Alpes,13.0,8.0,147.0,9135,140542,351,32,258,58129
167,"EV4 - La Vélomaritime, de Courseulles-sur-Mer à Bénouville",24.7,0.81,Bord de route,73.38,63107,D,"(49.24257399999999, -0.457735520389962)",Calvados,Normandie,12.0,7.0,136.0,8204,126214,316,28,232,52202
168,"EV15 - Voie Verte du canal du Rhône au Rhin, de Friesenheim à Artzenheim",24.7,0.81,Bord de rivière ou canal,76.48,65773,D,"(48.116679, 7.532893)",Haut-Rhin,Grand Est,12.0,8.0,140.0,8550,131546,329,30,242,54408
169,"EV3 - Scandibérique / Tour Charente, de Châteauneuf-sur-Charente à Reignac",25.2,0.79,Bord de route,79.18,68095,D,"(45.41961206805682, -0.180352)",Charente,Nouvelle-Aquitaine,13.0,8.0,148.0,8852,136190,340,31,250,56329
170,So vélo Marmande-Casteljaloux,25.3,0.79,Bord de voie ferrée,84.4,72584,C,"(44.28681299273104, 0.06207383763129639)",Lot-et-Garonne,Nouvelle-Aquitaine,14.0,8.0,152.0,9436,145168,363,33,267,60042
171,"V16a - Avenue Verte London - Paris, de St-Germer-de-Fly à Beauvais",25.4,0.79,Ancienne ligne ferrovière,62.98,54163,E,"(49.412724000000004, 1.7897822414358902)",Oise,Hauts-de-France,11.0,6.0,127.0,7041,108326,271,24,199,44804
172,"V34 - V34 : Véloroute du Canal des Ardennes / Voie verte Sud-Ardennes, de Rethel à Semuy",25.5,0.78,Bord de route,67.58,58119,E,"(49.474789841594585, 4.3607665177079)",Ardennes,Grand Est,12.0,7.0,131.0,7555,116238,291,26,214,48076
173,"Piste des bords de la Seine et de la Marne, de Charenton à Noisiel",25.5,0.78,Bord de rivière ou canal,64.85,55771,E,"(48.80508992154932, 2.40818832806483)",Val-de-Marne,Île-de-France,12.0,7.0,129.0,7250,111542,279,25,205,46134
174,Voie verte de la Vallée de la Vie,25.6,0.78,Ancienne ligne ferrovière,65.41,56253,E,"(48.91629446328069, 0.017606)",Calvados,Normandie,12.0,7.0,130.0,7313,112506,281,25,207,46533
175,"EV15 - Véloroute du Rhin, de Neuf-Brisach à Bantzenheim",25.7,0.78,Bord de route,77.71,66831,D,"(47.82434333861292, 7.512766)",Haut-Rhin,Grand Est,12.0,8.0,142.0,8688,133662,334,30,246,55283
176,EV6 - de l'Atlantique à la Mer Noire / V51,26.0,0.77,Bord de route,77.41,66573,D,"(46.745035, 4.495891)",Saône-et-Loire,Bourgogne-Franche-Comté,12.0,7.0,144.0,8654,133146,333,30,245,55070
177,"EV3 / V41 - EV3 : la Scandibérique / V41 : St-Jacques à vélo via Chartres, de La Brède à Hostens",26.0,0.77,Bord de voie ferrée,81.95,70477,C,"(44.492074, -0.663386)",Gironde,Nouvelle-Aquitaine,14.0,8.0,151.0,9162,140954,352,32,259,58299
178,V56 - de Castillon-de-Castets à Le Nizan-Gare,26.2,0.76,Bord de rivière ou canal,83.8,72068,C,"(44.462573999999975, -0.30122299999999996)",Gironde,Nouvelle-Aquitaine,14.0,8.0,152.0,9369,144136,360,32,265,59615
179,"V50 - La Voie Bleue, Moselle-Saône à vélo, de Charmes à Epinal",26.2,0.76,Piste cyclable,73.13,62892,D,"(48.18541399999998, 6.295418)",Vosges,Grand Est,11.0,7.0,137.0,8176,125784,314,28,231,52025
180,"IC33 - Véloroute de la vallée de la Bruche, de Schirmeck à Molsheim",26.2,0.76,Voie verte,74.64,64190,D,"(48.48123599999998, 7.2214670000000005)",Bas-Rhin,Grand Est,12.0,7.0,135.0,8345,128380,321,29,236,53098
181,"EV17 - ViaRhôna, de Caderousse à Avignon",26.4,0.76,Voie verte,109.04,93774,B,"(43.95257699999999, 4.7544653827598555)",Gard,Occitanie,15.0,9.0,177.0,12191,187548,469,42,345,77570
182,"EV5 - Via Romea Francigena / Voie Verte du canal de la Bruche, de Strasbourg à Molsheim",26.5,0.75,Bord de rivière ou canal,74.03,63666,D,"(48.53723050072369, 7.492129)",Bas-Rhin,Grand Est,12.0,7.0,138.0,8277,127332,318,29,234,52665
183,"EV19 - La Meuse à vélo, de Charleville-Mézières à Sedan",26.9,0.74,Bord de rivière ou canal,62.39,53655,E,"(49.692033, 4.725656260038555)",Ardennes,Grand Est,11.0,7.0,127.0,6975,107310,268,24,197,44384
184,"Le Canal des 2 mers à vélo (V80), en Haute-Garonne de Saint-Rustice à Toulouse",27.0,0.74,Bord de rivière ou canal,86.52,74407,C,"(43.61128, 1.300512)",Haute-Garonne,Occitanie,14.0,8.0,159.0,9673,148814,372,33,274,61550
185,"V56-V91 - St-Jacques à vélo, de Mouleydier à Pont-de-la-Beauze",27.2,0.74,Bord de rivière ou canal,80.46,69196,D,"(44.81930615216469, 0.193935)",Gironde,Nouvelle-Aquitaine,14.0,8.0,151.0,8995,138392,346,31,254,57239
186,"EV5 / V52 - Voie Verte du canal de la Marne au Rhin, de Waltenheim-sur-Zorn à Strasbourg",27.2,0.74,Bord de rivière ou canal,74.02,63657,D,"(48.573901000000006, 7.632746)",Bas-Rhin,Grand Est,12.0,7.0,138.0,8275,127314,318,29,234,52657
187,"Voie Verte de la vallée de la Baïse (V82), en Lot-et-Garonne",27.2,0.74,Bord de voie ferrée,84.11,72335,C,"(44.01350988907369, 0.29440141809185)",Lot-et-Garonne,Nouvelle-Aquitaine,14.0,8.0,155.0,9404,144670,362,33,266,59836
188,"V43 - La Vélo Francette / Voie verte de la Suisse normande, de Caen à Thury-Harcourt",27.3,0.73,Bord de voie ferrée,64.2,55212,E,"(48.988700183419795, -0.482578)",Calvados,Normandie,12.0,7.0,130.0,7178,110424,276,25,203,45672
189,"Pistes de la forêt de Compiègne, de Compiègne à Pierrefonds",27.5,0.73,Bord de sentier,63.28,54421,E,"(49.349458, 2.836146)",Oise,Hauts-de-France,12.0,7.0,128.0,7075,108842,272,24,200,45017
190,"V52 - Paris - Strasbourg, de Toul à Méréville / Voie verte du canal de la Marne au Rhin",27.8,0.72,Voie verte,73.08,62849,D,"(48.602306, 5.892032999999999)",Meurthe-et-Moselle,Grand Est,12.0,7.0,137.0,8170,125698,314,28,231,51989
191,"EV3 / V48 - Scandibérique / La Méridienne à vélo, de Châlette-sur-Loing à Châtillon-Coligny",27.8,0.72,Bord de rivière ou canal,68.82,59185,E,"(47.822271173181875, 2.72184581286255)",Loiret,Centre-Val de Loire,12.0,7.0,135.0,7694,118370,296,27,218,48958
192,"EV6 - de l'Atlantique à la Mer Noire / V51a : Tour de Bourgogne du sud, de Santenay à Chalon-sur-Saône",27.9,0.72,Bord de rivière ou canal,78.93,67880,D,"(46.776094, 4.693772)",Saône-et-Loire,Bourgogne-Franche-Comté,12.0,7.0,144.0,8824,135760,339,31,250,56151
193,La Voie Bressane / Louhans - Lons-le-Saunier,28.0,0.71,Voie verte,78.65,67639,D,"(46.62565, 5.24228)",Saône-et-Loire,Bourgogne-Franche-Comté,12.0,8.0,145.0,8793,135278,338,30,249,55951
194,"EV17 - Via Rhôna, de Jons à Lyon",28.1,0.71,Bord de rivière ou canal,84.73,72868,C,"(45.74812800000001, 4.83333)",Métropole de Lyon,Auvergne-Rhône-Alpes,13.0,8.0,152.0,9473,145736,364,33,268,60277
195,De Marseillan-Plage à Balaruc-le-Vieux - Partie nord du tour de l'étang de Thau,28.2,0.71,Bord de voie ferrée,109.35,94041,B,"(43.319171, 3.530954)",Hérault,Occitanie,16.0,9.0,178.0,12225,188082,470,42,346,77791
196,V65 - de Port-Grimaud à Fréjus / Parcours cyclable du littoral,28.5,0.7,Voie verte,115.82,99605,A,"(43.26725, 6.5733)",Var,Provence-Alpes-Côte d'Azur,17.0,10.0,184.0,12949,199210,498,45,366,82394
197,"EV3 / V52 - Scandibérique, de Claye-Souilly à Paris / Paris - Strasbourg / Voie Verte du Canal de l'Ourcq",28.6,0.7,Bord de rivière ou canal,63.3,54438,E,"(48.85383999569388, 2.3443464781422216)",Paris,Ile-de-France,13.0,7.0,129.0,7077,108876,272,24,200,45031
198,Véloroute du Pays de Bitche,28.7,0.7,Voie verte,71.86,61800,D,"(48.98696948940828, 7.35652582615069)",Moselle,Grand Est,11.0,7.0,134.0,8034,123600,309,28,227,51121
199,Voie Verte de la forêt de la Hardt,28.9,0.69,Bord de sentier,75.57,64990,D,"(47.652878999999984, 7.441809054973601)",Haut-Rhin,Grand Est,12.0,7.0,141.0,8449,129980,325,29,239,53760
200,"Voie Verte du Canal du Midi à Montségur, tronçon Moulin-Neuf à Bram",29.5,0.68,Bord de voie ferrée,91.72,78879,C,"(43.077260882102586, 1.94825149642393)",Ariège,Occitanie,14.0,8.0,164.0,10254,157758,394,35,290,65249
201,"V31 - Véloroute de la Forêt de Mormal, de Denain à Le Quesnoy",29.5,0.68,Bord de route,62.09,53397,E,"(50.250219, 3.385733)",Nord,Hauts-de-France,12.0,7.0,126.0,6942,106794,267,24,196,44170
202,"EV3 - Scandibérique / Voie Verte du canal du Loing, de Nemours à Châlette-sur-Loing",29.6,0.68,Bord de rivière ou canal,68.84,59202,E,"(48.02707399999999, 2.688869)",Loiret,Centre-Val de Loire,12.0,7.0,134.0,7696,118404,296,27,218,48972
203,"Voie Verte le Chemin vert, liaison entre voie Bleue (V50) et vallée du Doubs (EV6)",29.7,0.67,Ancienne ligne ferrovière,72.84,62642,D,"(47.439417999999975, 6.1534959050295805)",Haute-Saône,Bourgogne-Franche-Comté,11.0,7.0,140.0,8143,125284,313,28,230,51818
204,"EV6 - La Loire à Vélo, de La Charité-sur-Loire à Cuffy (pont de Guétin)",29.8,0.67,Bord de rivière ou canal,72.83,62634,D,"(46.94703199999999, 3.00836)",Cher,Centre-Val de Loire,12.0,7.0,140.0,8142,125268,313,28,230,51811
205,"EV15 - Voie Verte du canal du Rhône au Rhin, de Strasbourg à Friesenheim",29.9,0.67,Bord de rivière ou canal,74.03,63666,D,"(48.319261, 7.649841)",Bas-Rhin,Grand Est,12.0,8.0,138.0,8277,127332,318,29,234,52665
206,"V50 - La Voie Bleue, Moselle-Saône à vélo / Voie Verte Chemin de la Moselle, de Apach à Thionville",30.2,0.66,Bord de sentier,69.1,59426,E,"(49.353266999999995, 6.174994999999999)",Moselle,Grand Est,12.0,7.0,133.0,7725,118852,297,27,218,49158
207,"EV3 / V41 - EV3 : La Scandibérique / V41 : St-Jacques à vélo via Chartres, de Bordeaux à La Brède",30.2,0.66,Bord de route,81.66,70228,C,"(44.6808300848914, -0.618537)",Gironde,Nouvelle-Aquitaine,14.0,8.0,151.0,9130,140456,351,32,258,58093
208,Véloroute de l'Ill (sud),30.4,0.66,Voie verte,74.36,63950,D,"(47.46957299999998, 7.210009)",Haut-Rhin,Grand Est,11.0,7.0,139.0,8314,127900,320,29,235,52900
209,"V830 - La Rétro-Littorale, de Poussan à Montpellier",30.6,0.65,Ancienne ligne ferrovière,107.54,92484,B,"(43.46906604866399, 3.6730871601534743)",Hérault,Occitanie,16.0,9.0,176.0,12023,184968,462,42,340,76503
210,"EV3 - Scandibérique / EV6 : de l'Atlantique à la Mer Noire / La Loire à vélo, de Amboise à Tours",30.7,0.65,Bord de route,68.53,58936,E,"(47.370212, 0.688732)",Indre-et-Loire,Centre-Val de Loire,13.0,7.0,136.0,7662,117872,295,27,217,48752
211,"EV1 - La Vélodyssée, de Royan à Montalivet / Voie Verte du Littoral Atlantique",30.8,0.65,Bord de route,89.27,76772,C,"(45.37166185415559, -1.158356)",Gironde,Nouvelle-Aquitaine,14.0,8.0,157.0,9980,153544,384,35,282,63506
212,"V51a - Voie Verte de Bourgogne du sud en Val Lamartinien, de Cluny à Mâcon",31.0,0.65,Bord de voie ferrée,79.59,68447,D,"(46.289898, 4.654413)",Rhône,Auvergne-Rhône-Alpes,11.0,8.0,146.0,8898,136894,342,31,252,56620
213,V66 - La Rétro littorale de Sommières à Nîmes / Voie Verte de la Vaunage),31.1,0.64,Bord de voie ferrée,105.73,90928,B,"(43.766056, 4.09137158840307)",Gard,Occitanie,15.0,9.0,174.0,11821,181856,455,41,334,75216
214,"EV1 - Vélodyssée, de Marennes à La Tremblade / Voie verte de Ronce les Bains à La Tremblade",31.2,0.64,Bord de route,88.95,76497,C,"(45.697288131053824, -1.233796)",Charente-Maritime,Nouvelle-Aquitaine,14.0,8.0,158.0,9945,152994,382,34,281,63279
215,"V51a - Voie Verte de Bourgogne du sud, de Chalon-sur-Saône à St-Gengoux-le-National",31.3,0.64,Ancienne ligne ferrovière,78.64,67630,D,"(46.60664920156713, 4.668698737563429)",Saône-et-Loire,Bourgogne-Franche-Comté,12.0,7.0,145.0,8792,135260,338,30,249,55944
216,"EV19 - La Meuse à vélo / Voie Verte Trans-Ardennes, de Fumay à Monthermé",31.4,0.64,Bord de rivière ou canal,61.47,52864,E,"(49.868747, 4.644014)",Ardennes,Grand Est,10.0,6.0,124.0,6872,105728,264,24,194,43729
217,"EV3 - La Scandibérique / Voie Verte Coulée d'Oc, de Marthon à Angoulême",31.4,0.64,Bord de voie ferrée,78.89,67845,D,"(45.60998800000001, 0.151852)",Charente,Nouvelle-Aquitaine,13.0,8.0,147.0,8820,135690,339,31,249,56122
218,"EV19 - La Meuse à vélo / Voie Verte Trans-Ardennes, de Givet à Fumay",31.5,0.63,Bord de rivière ou canal,61.79,53139,E,"(49.993984, 4.695561)",Ardennes,Grand Est,11.0,6.0,124.0,6908,106278,266,24,195,43957
219,Véloroute Molsheim - Saverne,31.5,0.63,Bord de route,74.63,64182,D,"(48.539908, 7.360330000000001)",Bas-Rhin,Grand Est,11.0,7.0,136.0,8344,128364,321,29,236,53092
220,V111 - Véloroute du vignoble d'Alsace (variante),31.7,0.63,Bord de route,76.17,65506,D,"(48.06987199999999, 7.279435)",Haut-Rhin,Grand Est,12.0,8.0,139.0,8516,131012,328,29,241,54187
221,EV5 / V52 - Via Romea Francigena / V52,31.7,0.63,Bord de rivière ou canal,69.14,59460,E,"(48.691697, 7.033656)",Moselle,Grand Est,12.0,7.0,136.0,7730,118920,297,27,219,49186
222,V861 - Via Venaissia / Voie verte d'Orange à Velleron,31.8,0.63,Bord de voie ferrée,112.7,96922,A,"(43.9607629588927, 4.836394516287026)",Vaucluse,Provence-Alpes-Côte d'Azur,15.0,9.0,177.0,12600,193844,485,44,356,80174
223,Voie Verte Boucle de la Moselle tronçon 1,32.3,0.62,Bord de sentier,72.18,62075,D,"(48.63044384324959, 5.899095)",Meurthe-et-Moselle,Grand Est,12.0,7.0,137.0,8070,124150,310,28,228,51349
224,"V46 - V46 : Cœur de France à vélo / Canal de Berry, de Vierzon à Bourges",32.5,0.62,Voie verte,73.14,62900,D,"(47.07918800000001, 2.07262020189834)",Cher,Centre-Val de Loire,13.0,7.0,140.0,8177,125800,314,28,231,52031
225,"V16 - ""V16 : Avenue Verte London-Paris, Voie Verte du Pays de Bray, de Mesnières en Bray à Dieppe""",32.6,0.61,Bord de voie ferrée,68.45,58867,E,"(49.76067393549589, 1.081865980716059)",Seine-Maritime,Normandie,11.0,7.0,127.0,7653,117734,294,26,216,48695
226,"V50 - La Voie Bleue, Moselle-Saône à vélo, de Méréville à Charmes",32.7,0.61,Piste cyclable,71.88,61817,D,"(48.374159, 6.15389476349629)",Vosges,Grand Est,11.0,7.0,138.0,8036,123634,309,28,227,51135
227,"Véloroute Vallée du Tarn-Causses-Sud Cévennes (V85), de Montauban à Saint-Sulpice-la-Pointe / Voie Verte Bressols-Villemur-sur-Tarn-Bessières",32.8,0.61,Ancienne ligne ferrovière,88.38,76007,C,"(43.78272089601298, 1.3360400000000001)",Haute-Garonne,Occitanie,14.0,8.0,159.0,9881,152014,380,34,279,62873
228,"V70 - La Régordane, de Alès à Quissac",33.0,0.61,Bord de rivière ou canal,103.58,89079,B,"(43.91273399999998, 4.000676)",Gard,Occitanie,15.0,9.0,170.0,11580,178158,445,40,327,73687
229,"V50 - La Voie Bleue, Moselle-Saône à vélo, de Thionville à Metz",33.0,0.61,Bord de rivière ou canal,72.46,62316,D,"(49.12996999999999, 6.162292)",Moselle,Grand Est,12.0,7.0,135.0,8101,124632,312,28,229,51548
230,"EV1 - La Vélodyssée, de Parentis-en-Born à Mimizan",33.0,0.61,Bord de sentier,92.05,79163,C,"(44.20424200856879, -1.2956250000000002)",Landes,Nouvelle-Aquitaine,15.0,8.0,160.0,10291,158326,396,36,291,65484
231,"EV4 - La Vélomaritime, de Le Touquet-Paris-Plage à Boulogne-sur-Mer",33.2,0.6,Bord de route,72.78,62591,D,"(50.509558, 1.57258801664512)",Pas-de-Calais,Hauts-de-France,12.0,7.0,135.0,8137,125182,313,28,230,51776
232,"Voie Verte du canal de Bourgogne, de Dijon à Saint Jean de Losne",33.3,0.6,Bord de rivière ou canal,77.72,66839,D,"(47.0996941754597, 5.003811)",Côte-d'Or,Bourgogne-Franche-Comté,12.0,7.0,143.0,8689,133678,334,30,246,55290
233,"V46 - Coeur de France à vélo / Cher à vélo, de Tours à Chenonceaux",33.6,0.6,Bord de route,67.92,58411,E,"(47.32430099999999, 0.696132)",Indre-et-Loire,Centre-Val de Loire,13.0,7.0,136.0,7593,116822,292,26,215,48318
234,"EV17 - ViaRhôna, de Chanaz à Brégnier-Cordon",33.7,0.59,Voie verte,90.54,77864,C,"(45.63393676668831, 5.64105539127911)",Ain,Auvergne-Rhône-Alpes,13.0,8.0,155.0,10122,155728,389,35,286,64410
235,"V50 - La Voie Bleue, Moselle-Saône à vélo, de Metz à Pont-à-Mousson",33.7,0.59,Piste cyclable,73.08,62849,D,"(48.90827175145769, 6.02838)",Meurthe-et-Moselle,Grand Est,11.0,7.0,136.0,8170,125698,314,28,231,51989
236,"EV4 - La Vélomaritime, de St-Valéry-sur-Somme à Fort-Mahon / Tour de la Baie de Somme",33.9,0.59,Bord de sentier,70.0,60200,E,"(50.173463, 1.5536122931785559)",Somme,Hauts-de-France,12.0,7.0,135.0,7826,120400,301,27,221,49798
237,"EV6 - La Loire à Vélo, de Boulleret (Cosne-Cours-sur-Loire) à La Charité-sur-Loire",34.0,0.59,Bord de route,73.45,63167,D,"(47.174527, 2.859161)",Cher,Centre-Val de Loire,12.0,7.0,140.0,8212,126334,316,28,232,52252
238,"EV3 - Scandibérique / Voie Verte de l'Avesnois, de Maubeuge à Glageon",34.0,0.59,Bord de voie ferrée,61.46,52856,E,"(50.05738199999999, 3.968092167212123)",Nord,Hauts-de-France,11.0,6.0,126.0,6871,105712,264,24,194,43723
239,"V33 - La Seine à vélo / Voie Verte du canal de la Haute-Seine, de Nogent-sur-Seine à Méry-sur-Seine",34.2,0.58,Bord de rivière ou canal,69.1,59426,E,"(48.495674, 3.49788)",Aube,Grand Est,12.0,7.0,134.0,7725,118852,297,27,218,49158
240,Promenade des Berges de l'Orne,34.4,0.58,Bord de rivière ou canal,72.16,62058,D,"(49.1929520513717, 5.908684)",Meurthe-et-Moselle,Grand Est,11.0,7.0,135.0,8068,124116,310,28,228,51335
241,"EV15 - Véloroute du Rhin, de Drusenheim à Strasbourg",34.5,0.58,Bord de route,74.93,64440,D,"(48.573901000000006, 7.738244999999999)",Bas-Rhin,Grand Est,12.0,8.0,137.0,8377,128880,322,29,237,53305
242,Voie Verte de l'Armagnac,34.6,0.58,Bord de voie ferrée,83.78,72051,C,"(43.86319645329662, 0.10547840636205347)",Gers,Occitanie,14.0,8.0,156.0,9367,144102,360,32,265,59601
243,"V46 - Cœur de France à vélo / Canal de Berry, de Saint-Amand-Montrond à Magnette (Audes - Reugny)",34.7,0.58,Bord de rivière ou canal,75.6,65016,D,"(46.462864, 2.489478)",Allier,Auvergne-Rhône-Alpes,12.0,7.0,144.0,8452,130032,325,29,239,53782
244,D802 - Voie Verte de Mios à Hostens (D802),34.9,0.57,Bord de voie ferrée,82.58,71019,C,"(44.476957, -0.967245)",Gironde,Nouvelle-Aquitaine,14.0,8.0,156.0,9232,142038,355,32,261,58747
245,"EV8 - La Méditerranée à vélo, de Cannes à Nice / La Littorale",35.5,0.56,Bord de route,112.46,96716,A,"(43.536638450603306, 7.01648768251502)",Alpes-Maritimes,Provence-Alpes-Côte d'Azur,17.0,9.0,178.0,12573,193432,484,44,356,80004
246,"VD3 - St-Malo - Presqu'Île de Rhuys, de Ploërmel à Questembert",35.5,0.56,Ancienne ligne ferrovière,65.73,56528,E,"(47.665539424177084, -2.45353247043407)",Morbihan,Bretagne,12.0,7.0,136.0,7349,113056,283,25,208,46760
247,"EV6 - Véloroute du Doubs, de Ranchot à Besançon",35.6,0.56,Bord de rivière ou canal,77.74,66856,D,"(47.138904, 5.724287)",Jura,Bourgogne-Franche-Comté,12.0,8.0,142.0,8691,133712,334,30,246,55304
248,"Le Canal des deux mers à vélo (V80), de Bordeaux à Daignac",35.7,0.56,Bord de voie ferrée,79.52,68387,D,"(44.770859, -0.5604299827918608)",Gironde,Nouvelle-Aquitaine,14.0,8.0,151.0,8890,136774,342,31,251,56570
249,"EV1 - La Vélodyssée, de Lacanau-Océan à Lège-Cap-Ferret",36.1,0.55,Bord de sentier,89.26,76764,C,"(44.776266999999976, -1.230608)",Gironde,Nouvelle-Aquitaine,15.0,8.0,163.0,9979,153528,384,35,282,63500
250,"V52 - Paris - Strasbourg, de Einville-au-Jard à Gondrexange / Voie verte du canal de la Marne au Rhin",36.1,0.55,Piste cyclable,70.35,60501,D,"(48.657216000000005, 6.491852)",Meurthe-et-Moselle,Grand Est,12.0,7.0,137.0,7865,121002,303,27,222,50047
251,"V64 - Véloroute Trans'Alpes, de Veurey-Voroize à Séchilienne",36.7,0.54,Bord de rivière ou canal,83.17,71526,C,"(45.04962379798208, 5.61981)",Isère,Auvergne-Rhône-Alpes,11.0,8.0,155.0,9298,143052,358,32,263,59167
252,"V50 - La Voie Bleue, Moselle-Saône à vélo, de Fontenoy-le-Château à Jussey (Haute-Saône)",37.1,0.54,Voie verte,73.13,62892,D,"(47.824940121417306, 5.8989720000000005)",Haute-Saône,Bourgogne-Franche-Comté,12.0,7.0,139.0,8176,125784,314,28,231,52025
253,"V33 - La Seine à vélo / Voie verte de la Seine, de Méry-sur-Seine à Troyes",37.1,0.54,Piste cyclable,71.54,61524,D,"(48.264798, 3.88860211127613)",Aube,Grand Est,12.0,7.0,137.0,7998,123048,308,28,226,50893
254,"EV6 - Véloroute du Doubs, de Samerey à Ranchot",37.5,0.53,Bord de rivière ou canal,76.54,65824,D,"(47.055453, 5.356162)",Jura,Bourgogne-Franche-Comté,12.0,7.0,143.0,8557,131648,329,30,242,54450
255,Voie des Salines,38.0,0.53,Bord de route,77.13,66332,D,"(46.94587902471358, 5.726126)",Jura,Bourgogne-Franche-Comté,12.0,8.0,142.0,8623,132664,332,30,244,54870
256,"EV6 - de l'Atlantique à la Mer Noire, de Nevers à Champvert (Decize)",38.2,0.52,Bord de rivière ou canal,74.37,63958,D,"(46.809823, 3.181491)",Nièvre,Bourgogne-Franche-Comté,12.0,7.0,141.0,8315,127916,320,29,235,52906
257,Pistes de la Forêt de Rambouillet,38.3,0.52,Bord de sentier,63.92,54971,E,"(48.661964, 1.684213)",Yvelines,Île-de-France,11.0,7.0,130.0,7146,109942,275,25,202,45472
258,Voie Verte Hourtin - Lacanau,38.3,0.52,Bord de voie ferrée,87.74,75456,C,"(44.978206, -1.167495)",Gironde,Nouvelle-Aquitaine,14.0,8.0,157.0,9809,150912,377,34,277,62418
259,"EV4 - La Vélomaritime, de Fort-Mahon à Le Touquet-Paris-Plage",38.9,0.51,Bord de route,72.16,62058,D,"(50.3399227225205, 1.5668208194102302)",Somme,Hauts-de-France,12.0,7.0,137.0,8068,124116,310,28,228,51335
260,"EV4 - La Vélomaritime, de Le Tréport à St-Valéry-sur-Somme.",39.0,0.51,Bord de route,71.51,61499,D,"(50.062097999999985, 1.37511)",Seine-Maritime,Normandie,12.0,7.0,132.0,7995,122998,307,28,226,50872
261,"EV3 / V81 - Véloroute du Piémont Pyrénéen (V81) et La Scandibérique (EV3), de Urt à Escos",39.3,0.51,Bord de rivière ou canal,77.63,66762,D,"(43.438861990189686, -1.293939)",Pyrénées-Atlantiques,Nouvelle-Aquitaine,14.0,8.0,152.0,8679,133524,334,30,245,55226
262,"V34 - V34 : Véloroute du Canal des Ardennes / Voie verte Sud-Ardennes, de Semuy à Dom-le-Mesnil",39.7,0.5,Bord de route,63.6,54696,E,"(49.4854241857397, 4.65251759269734)",Ardennes,Grand Est,12.0,7.0,131.0,7110,109392,273,25,201,45245
263,"EV8 - La Méditerranée à vélo, de Beaucaire à Cavaillon",39.7,0.5,Voie verte,112.7,96922,A,"(43.67127686818807, 4.43698987496089)",Gard,Occitanie,16.0,9.0,178.0,12600,193844,485,44,356,80174
264,"VD3 - St-Malo - Presqu'Île de Rhuys, de St-Méen-le-Grand à Ploërmel",40.1,0.5,Voie verte,64.52,55487,E,"(47.935104, -2.408527)",Morbihan,Bretagne,12.0,7.0,132.0,7213,110974,277,25,204,45899
265,Voie Verte Le Lude - La Flèche - Baugé,40.7,0.49,Bord de voie ferrée,66.36,57070,E,"(47.539687, -0.101849)",Maine-et-Loire,Pays de la Loire,13.0,7.0,135.0,7419,114140,285,26,210,47209
266,"V53 - Entre Champagne et Bourgogne, de Chaumont à Langres",40.8,0.49,Voie verte,70.64,60750,D,"(47.870462480706394, 5.153725)",Haute-Marne,Grand Est,11.0,7.0,138.0,7898,121500,304,27,223,50253
267,"EV3 - Scandibérique, de Senlis à Claye-Souilly / Trans'Oise,  de Senlis à Ermenonville",41.0,0.49,Bord de route,65.44,56278,E,"(48.956453, 2.5919)",Seine-et-Marne,Île-de-France,12.0,7.0,129.0,7316,112556,281,25,207,46553
268,"EV6 - Véloroute du Doubs, de Besançon à Baume-les-Dames",41.8,0.48,Bord de rivière ou canal,73.45,63167,D,"(47.225815, 6.030753)",Doubs,Bourgogne-Franche-Comté,12.0,8.0,142.0,8212,126334,316,28,232,52252
269,"EV19 - La Meuse à vélo, de Dun-sur-Meuse à Verdun",42.3,0.47,Bord de route,68.19,58643,E,"(49.159445999999996, 5.16884)",Meuse,Grand Est,11.0,7.0,133.0,7624,117286,293,26,216,48510
270,Voie verte de la Bresse jurassienne,42.5,0.47,Ancienne ligne ferrovière,76.52,65807,D,"(46.67455465502621, 5.40707977702594)",Saône-et-Loire,Bourgogne-Franche-Comté,12.0,8.0,145.0,8555,131614,329,30,242,54436
271,"Véloroute du Canal d'Aire à La Bassée, de Aire-sur-la-Lys à Billy-Berclau",43.2,0.46,Voie verte,63.59,54687,E,"(50.496926309865195, 2.4134399988689306)",Pas-de-Calais,Hauts-de-France,11.0,6.0,125.0,7109,109374,273,25,201,45237
272,"V70 - La Régordane, de Sommières à Palavas-les-Flots",43.7,0.46,Voie verte,105.73,90928,B,"(43.531436, 3.8942589999999995)",Hérault,Occitanie,16.0,9.0,175.0,11821,181856,455,41,334,75216
273,Voie Verte d'Evreux à la vallée du Bec,43.9,0.46,Bord de voie ferrée,65.11,55995,E,"(49.016255, 0.705601)",Eure,Normandie,11.0,7.0,129.0,7279,111990,280,25,206,46319
274,V85 - de Le Vigan à Quissac,43.9,0.46,Ancienne ligne ferrovière,98.72,84899,B,"(43.907837999999984, 3.6071210000000002)",Gard,Occitanie,12.0,9.0,168.0,11037,169798,424,38,312,70229
275,"V56 - St-Jacques à vélo / Vélovoie des lacs de la forêt d'Orient, de St-Julien-les-Villas à Dienville",44.0,0.45,Bord de sentier,70.62,60733,D,"(48.254733, 4.110515)",Aube,Grand Est,12.0,7.0,137.0,7895,121466,304,27,223,50239
276,V65 - de  Toulon au Lavandou / Parcours cyclable du littoral,44.1,0.45,Voie verte,121.3,104318,A,"(43.07977, 5.929205)",Var,Provence-Alpes-Côte d'Azur,17.0,10.0,189.0,13561,208636,522,47,384,86292
277,"V52 - Voie verte de la Marne, de Dormans à Condé-sur-Marne",44.6,0.45,Bord de rivière ou canal,65.15,56029,E,"(49.041447999999995, 3.636156721448523)",Marne,Grand Est,11.0,7.0,130.0,7284,112058,280,25,206,46348
278,"V41 - V41 : St-Jacques à vélo via Chartres / Voie verte de la vallée de l'Eure, de Pacy-sur-Eure à Sainte-Gemme-Moronval",44.7,0.45,Bord de voie ferrée,66.67,57336,E,"(48.737720999999986, 1.3414019999999998)",Eure-et-Loir,Centre-Val de Loire,12.0,7.0,132.0,7454,114672,287,26,211,47429
279,"V34 - V34 : Véloroute du Canal des Ardennes / Voie verte Sud-Ardennes, de Berry-au-Bac à Rethel",44.9,0.45,Voie verte,67.88,58377,E,"(49.39880500000001, 3.9047429999999994)",Aisne,Hauts-de-France,12.0,7.0,130.0,7589,116754,292,26,215,48290
280,"V50 - La Voie Bleue, Moselle-Saône à vélo / Voie Verte du canal des Vosges, d'Épinal à Fontenoy-le-Château",45.9,0.44,Bord de rivière ou canal,73.45,63167,D,"(47.974776, 6.200345)",Vosges,Grand Est,12.0,7.0,137.0,8212,126334,316,28,232,52252
281,Voie verte la Traverse,46.6,0.43,Voie verte,82.01,70529,C,"(46.17897245843408, 5.078905119416654)",Ain,Auvergne-Rhône-Alpes,13.0,8.0,150.0,9169,141058,353,32,259,58342
282,"EV1 - La Vélodyssée, de Vieux-Boucau à Bayonne",46.8,0.43,Bord de route,85.62,73633,C,"(43.488353999999994, -1.496653)",Pyrénées-Atlantiques,Nouvelle-Aquitaine,15.0,8.0,158.0,9572,147266,368,33,271,60910
283,"V53 - Entre Champagne et Bourgogne, de Joinville à Chaumont",47.9,0.42,Voie verte,68.79,59159,E,"(48.115927000000006, 5.11900330431673)",Haute-Marne,Grand Est,12.0,7.0,136.0,7691,118318,296,27,217,48937
284,"V47 - V47 : Le Loir à vélo, de Château-du-Loir à La Flèche",49.8,0.4,Voie verte,67.89,58385,E,"(47.63068299999999, -0.075673)",Maine-et-Loire,Pays de la Loire,13.0,7.0,134.0,7590,116770,292,26,215,48296
285,"EV6 - de l'Atlantique à la Mer Noire / La Loire à vélo, de Orléans à Sully-sur-Loire",50.0,0.4,Bord de route,67.93,58420,E,"(47.76710977751098, 1.920327)",Loiret,Centre-Val de Loire,12.0,7.0,133.0,7595,116840,292,26,215,48325
286,"EV3 - La Scandibérique / V80 : Canal des deux mers à vélo, de Fontet à Vianne",50.6,0.4,Bord de rivière ou canal,84.4,72584,C,"(44.237052, -0.024784)",Lot-et-Garonne,Nouvelle-Aquitaine,14.0,8.0,152.0,9436,145168,363,33,267,60042
287,"EV1 - La Vélodyssée, de Montalivet à Lacanau-Océan",50.7,0.39,Bord de route,84.7,72842,C,"(45.003502, -1.182594)",Gironde,Nouvelle-Aquitaine,14.0,8.0,158.0,9469,145684,364,33,268,60255
288,"Le Canal des 2 mers à vélo (V80), de  Toulouse à Avignonet-Lauragais",51.2,0.39,Bord de rivière ou canal,88.04,75714,C,"(43.353991, 1.420273)",Haute-Garonne,Occitanie,14.0,8.0,161.0,9843,151428,379,34,278,62631
289,"EV1 - La Vélodyssée, de La Teste-de-Buch à Parentis-en-Born",51.5,0.39,Bord de sentier,91.13,78372,C,"(44.346509, -1.249857)",Landes,Nouvelle-Aquitaine,15.0,8.0,162.0,10188,156744,392,35,288,64830
290,"EV1 - Vélodyssée, de Bayonne à Hendaye / Véloroute du Littoral Atlantique en Pyrénées-Atlantiques",51.7,0.39,Bord de route,84.69,72833,C,"(43.34261699999999, -1.788154)",Basse-Bidassoa,Pays basque autonome,15.0,8.0,154.0,9468,145666,364,33,268,60248
291,"EV4 - La Vélomaritime, de Boulogne-sur-Mer à Calais",51.8,0.39,Voie verte,73.68,63365,D,"(50.723470999999996, 1.590014)",Pas-de-Calais,Hauts-de-France,12.0,7.0,136.0,8237,126730,317,29,233,52416
292,"EV8 / V80 - Méditerranée à vélo : Canal des deux mers à vélo, de Béziers à Sète",52.1,0.38,Bord de rivière ou canal,110.88,95357,B,"(43.28617699999999, 3.216484)",Hérault,Occitanie,16.0,9.0,176.0,12396,190714,477,43,351,78880
293,"EV17a - ViaRhôna, d'Arles à Port-Saint-Louis-du-Rhône",52.1,0.38,Voie verte,112.39,96655,A,"(43.35304, 4.614663)",Bouches-du-Rhône,Provence-Alpes-Côte d'Azur,16.0,10.0,184.0,12565,193310,483,43,355,79954
294,Véloroute de la vallée de la Sauer (de Lembach à Drusenheim),52.7,0.38,Piste cyclable,74.93,64440,D,"(48.888169999999995, 7.742193999999999)",Bas-Rhin,Grand Est,12.0,7.0,136.0,8377,128880,322,29,237,53305
295,Voie Verte des Hautes Vosges,52.9,0.38,Bord de voie ferrée,70.71,60811,D,"(47.85349699999998, 6.603760000000001)",Haute-Saône,Bourgogne-Franche-Comté,10.0,7.0,136.0,7905,121622,304,27,224,50303
296,VD3 - Voie Verte de Questembert à Mauron,53.2,0.38,Bord de voie ferrée,64.82,55745,E,"(47.687142, -2.441701)",Morbihan,Bretagne,12.0,7.0,134.0,7247,111490,279,25,205,46113
297,"V40b - Véloscénie, de Rambouillet à Massy (par Versailles)",53.2,0.38,Voie verte,63.61,54705,E,"(48.61907, 1.825297)",Yvelines,Île-de-France,12.0,7.0,130.0,7112,109410,274,25,201,45252
298,"EV6 - Voie Verte du Canal du Rhône au Rhin, de Montbéliard à Mulhouse",54.1,0.37,Bord de rivière ou canal,75.9,65274,D,"(47.504599, 6.833829)",Doubs,Bourgogne-Franche-Comté,11.0,7.0,139.0,8486,130548,326,29,240,53995
299,Voie Verte de la vallée de l'Ognon,54.5,0.37,Ancienne ligne ferrovière,72.52,62367,D,"(47.47822779214559, 6.234770311879713)",Haute-Saône,Bourgogne-Franche-Comté,12.0,7.0,139.0,8108,124734,312,28,229,51590
300,V473 - Voie Verte de Mimizan-Plage à Sabres,54.7,0.37,Bord de voie ferrée,85.02,73117,C,"(44.1479932104267, -1.283121)",Landes,Nouvelle-Aquitaine,15.0,8.0,160.0,9505,146234,366,33,269,60483
301,"V71 - La Véloire, de Paray-le-Monial à Roanne",57.5,0.35,Bord de rivière ou canal,77.45,66607,D,"(46.033499999999975, 4.02742002469148)",Loire,Auvergne-Rhône-Alpes,12.0,8.0,149.0,8659,133214,333,30,245,55098
302,"V51 - Tour de Bourgogne / Canal de Bourgogne, de Pouilly-en-A. à Dijon",58.2,0.34,Bord de rivière ou canal,77.71,66831,D,"(47.166529, 4.554332)",Côte-d'Or,Bourgogne-Franche-Comté,11.0,7.0,144.0,8688,133662,334,30,246,55283
303,"V63 - Vallée de l'Isère, de Grenoble à St-Marcellin",58.4,0.34,Voie verte,89.29,76789,C,"(45.12555999999998, 5.329657)",Isère,Auvergne-Rhône-Alpes,13.0,9.0,161.0,9983,153578,384,35,282,63520
304,"V51 - Tour de Bourgogne / Canal de Bourgogne, de Tonnerre à Montbard",58.7,0.34,Bord de rivière ou canal,70.66,60768,D,"(47.620106, 3.975101)",Yonne,Bourgogne-Franche-Comté,12.0,7.0,137.0,7900,121536,304,27,223,50268
305,"EV4 - La Vélomaritime, de Calais à Dunkerque",59.2,0.34,Bord de route,68.15,58609,E,"(50.94931519758389, 1.8505494739432202)",Pas-de-Calais,Hauts-de-France,12.0,7.0,132.0,7619,117218,293,26,215,48482
306,"EV6 - Voie Verte du canal du Rhône au Rhin, de Baume-les-Dames à Montbéliard",60.0,0.33,Bord de rivière ou canal,73.75,63425,D,"(47.341175, 6.361702)",Doubs,Bourgogne-Franche-Comté,12.0,7.0,139.0,8245,126850,317,29,233,52466
307,"V73 - Via Fluvia, d’Yssingeaux à Bourg-Argental",60.5,0.33,Bord de voie ferrée,90.82,78105,C,"(45.142134000000006, 4.109117026794755)",Haute-Loire,Auvergne-Rhône-Alpes,10.0,8.0,159.0,10154,156210,391,35,287,64609
308,"EV1 - La Vélodyssée, de Mimizan à Vieux-Boucau",60.6,0.33,Bord de sentier,88.07,75740,C,"(43.786106, -1.395354)",Landes,Nouvelle-Aquitaine,15.0,8.0,158.0,9846,151480,379,34,278,62653
309,"EV8 -EV17b - Méditerranée à Vélo / EV17b : ViaRhôna, de Sète à Aigues-Mortes",61.5,0.33,Piste cyclable,107.53,92476,B,"(43.40172899999998, 3.6971220000000002)",Hérault,Occitanie,16.0,9.0,177.0,12022,184952,462,42,340,76497
310,"EV17 - ViaRhôna, de Brégnier-Cordon à Lagnieu",62.6,0.32,Voie verte,90.24,77606,C,"(45.63680999999998, 5.3472983923633235)",Isère,Auvergne-Rhône-Alpes,12.0,8.0,154.0,10089,155212,388,35,285,64196
311,"EV17 - ViaRhôna, de Givors à St Vallier",62.7,0.32,Voie verte,90.83,78114,C,"(45.184501999999995, 4.737478)",Ardèche,Auvergne-Rhône-Alpes,12.0,8.0,160.0,10155,156228,391,35,287,64616
312,"V51 - Voie verte du Canal du Nivernais, de Clamecy à Auxerre",62.9,0.32,Bord de rivière ou canal,72.22,62109,D,"(47.459907, 3.510411)",Nièvre,Bourgogne-Franche-Comté,12.0,7.0,137.0,8074,124218,311,28,228,51377
313,"EV17 - ViaRhôna, de Valence à Montélimar",63.4,0.32,Bord de route,98.43,84650,B,"(44.554034, 4.705351)",Drôme,Auvergne-Rhône-Alpes,15.0,9.0,169.0,11004,169300,423,38,311,70023
314,"V62 - Combe de Savoie, d'Annecy à Albertville",63.9,0.31,Bord de voie ferrée,85.28,73341,C,"(45.67619798898059, 6.129038469337125)",Savoie,Auvergne-Rhône-Alpes,11.0,8.0,154.0,9534,146682,367,33,270,60668
315,Voie Verte de Bordeaux à Lacanau-Océan,68.4,0.29,Bord de voie ferrée,80.43,69170,D,"(44.836909, -1.182594)",Gironde,Nouvelle-Aquitaine,14.0,8.0,159.0,8992,138340,346,31,254,57218
316,V61 - Véloroute du Léman au Mont-Blanc : de Genève à Sallanches,68.9,0.29,Bord de rivière ou canal,89.88,77297,C,"(45.930746, 6.168443513234859)",Haute-Savoie,Auvergne-Rhône-Alpes,10.0,8.0,156.0,10049,154594,386,35,284,63941
317,"Le Canal des deux mers à vélo (V80), en Tarn-et-Garonne de Lamagistère à Pompignan",72.4,0.28,Bord de rivière ou canal,87.78,75491,C,"(43.828196, 0.7006360000000001)",Gers,Occitanie,14.0,8.0,158.0,9814,150982,377,34,278,62447
318,Véloroute Tour du Bassin d’Arcachon (EV1 Vélodyssée),72.5,0.28,Bord de sentier,87.16,74958,C,"(44.609218, -1.249077)",Gironde,Nouvelle-Aquitaine,15.0,8.0,162.0,9745,149916,375,34,276,62006
319,Véloroute du Lin,73.6,0.27,Ancienne ligne ferrovière,69.67,59916,E,"(49.72944699999998, 0.3730609999999999)",Seine-Maritime,Normandie,12.0,7.0,137.0,7789,119832,300,27,220,49563
320,Piste des forts,85.7,0.23,Piste cyclable,74.33,63924,D,"(48.491157, 7.659201)",Bas-Rhin,Grand Est,12.0,7.0,137.0,8310,127848,320,29,235,52878
